0,1
Smoky Roasted Tomato Soup,"['tomatoes', 'garlic cloves', 'olive oil', 'smoked paprika', 'cooking salt / kosher salt', 'black pepper', 'olive oil', 'garlic cloves', 'onion', 'vegetable stock/broth', 'white sugar', 'cream', 'roughly chopped fresh basil leaves', 'Grilled cheese!']"
Pizza Capricciosa,"['classic pizza dough', 'fast no-yeast pizza dough', 'Store bought', 'tomato paste', 'cooking salt  / kosher salt', 'white sugar', 'water', 'garlic clove', 'EACH dried parsley\xa0, basil and oregano', 'mozzarella cheese, freshly shredded', 'artichokes', 'button mushrooms', 'shaved leg ham', 'sliced kalamata olives']"
Singapore Chicken Vermicelli Noodles,[]
The most amazing Chicken Kale Salad,[]
Zucchini cheese muffin slab,"['zucchinis', 'cooking salt / kosher salt', 'shredded cheese at room temperature', 'medium zucchini', 'extra virgin olive oil', 'black pepper', 'sea salt flakes', 'flour', 'baking powder', 'baking soda / bi-carbonate of soda', 'cooking salt / kosher salt', 'garlic cloves', 'milk', 'unsalted butter', 'neutral oil', 'large eggs', 'white vinegar']"
Crispy pork belly banh mi,"['pork belly with skin on', 'canola or vegetable oil', 'Chinese Five Spice', 'cooking/kosher salt', 'black pepper', 'Hoisin sauce', 'coconut milk', 'dark soy sauce', 'crusty white rolls', 'chicken pate', 'whole-egg mayonnaise', 'Vietnamese pickled carrots and daikon', 'green onion stems', 'cucumbers', 'coriander/cilantro leaves', 'Birds Eye or Thai chillis', 'crispy fried shallots']"
Vietnamese pickled carrots and daikon (radish),[]
The gift of more time with...,[]
Tray bake dinner: Lamb kofta meatballs,"['onion', 'lamb mince', 'panko breadcrumbs', 'garlic', 'coriander/cilantro', 'cumin', 'coriander', 'paprika', 'ground cinnamon', 'cayenne pepper', 'cooking salt / kosher salt', 'black pepper', 'red capsicum', 'yellow capsicum', 'red onion', 'extra virgin olive oil', 'each cooking/kosher salt and pepper', 'Olive oil spray', 'flatbreads', 'Tahini sauce', 'shredded iceberg lettuce', 'tomatoes', 'coriander/cilantro leaves']"
Tahini sauce,"['tahini', 'water', 'lemon juice', 'garlic clove', 'cooking salt / kosher salt', 'white pepper', 'honey', 'flaked almonds, pine nuts or pistachios']"
A Dozer update.,[]
Crunchy muesli bars (granola bars),[]
Sausage Ragu with Pappardelle Pasta,[]
Truly Crispy Salt & Pepper Squid,[]
How to clean and prepare baby...,[]
Spicy maple roast carrots with crispy...,"['Dutch carrots', 'regular carrots', 'maple syrup', 'sriracha', 'olive oil', 'cooking salt / kosher salt', 'black pepper', 'chickpeas', 'olive oil', 'smoked paprika', 'garlic powder', 'onion powder', 'cooking salt / kosher salt', 'black pepper', 'maple syrup', 'sriracha', 'plain yogurt', 'garlic', 'lemon juice', 'extra virgin olive oil', 'cooking salt / kosher salt', 'finely chopped coriander/cilantro leaves', 'toasted pistachios']"
Jalapeño poppers,"['jalapeños', 'streaky bacon', 'cream cheese', 'sharp cheddar cheese,', 'green onion', 'garlic cloves', 'cooking/kosher salt', 'black pepper', 'panko breadcrumbs', 'salt', 'olive oil', 'sharp cheddar cheese,', 'chives']"
Lemon garlic salmon tray bake –...,"['salmon fillets', 'lemon zest', 'lemon juice', 'extra virgin olive oil', 'dijon mustard', 'garlic cloves', 'cooking salt / kosher salt', 'black pepper', 'bunches asparagus', 'cherry tomatoes', 'extra virgin olive oil', 'each salt and pepper', 'Olive oil spray', 'Parmesan', 'Lemon wedges or slices', 'Parsley', 'Crusty bread or toast']"
One pot chicken risoni with crispy...,"['olive oil', 'salami stick', 'chicken breasts', 'cooking salt / kosher salt', 'black pepper', 'garlic powder', 'paprika', 'sage powder', 'garlic cloves', 'onion', 'chardonnay or other dry white wine', 'tomato paste', 'risoni/orzo', 'canned chickpeas', 'chicken stock', 'cooking / kosher salt', 'black pepper', 'thickened / heavy cream', 'parmesan', 'baby spinach', 'sun dried tomato', 'roughly chopped basil']"
Mango muffins,"['plain flour', 'baking soda', 'of salt', 'unrefined coconut oil', 'large egg', 'white vinegar', 'white sugar', 'vanilla extract', 'mango puréed mango ', 'chopped mango', 'desiccated coconut', 'demerara sugar']"
My 14 favourite low-calorie dinners,[]
Vietnamese Lettuce Wraps with Peanut Sauce,"['peeled whole cooked prawns/shrimp', 'dried vermicelli noodles', 'lettuce leaves', 'quick pickled carrots and daikon', 'beansprouts', 'cucumbers', 'mint leaves', 'coriander/cilantro sprigs', 'birds eye red chilli', 'roasted peanuts', 'natural peanut butter', 'hoisin', 'lime juice', 'LOW FAT coconut milk', 'large garlic clove', 'sambal oelak', 'dark soy', 'white sugar', 'cooking salt / kosher salt', 'medium carrots', 'large white radish (daikon)', 'boiling water', 'white sugar', 'cooking salt / kosher salt', 'rice wine vinegar']"
Hot Ham and Cheese Sliders,"['standard or 24 small soft white roll slab', 'American mustard', 'ham', 'Swiss cheese', 'unsalted butter', 'onion', 'American mustard', 'poppyseeds', 'Worcestershire sauce', 'garlic powder', 'cooking / kosher salt', 'black pepper']"
Merry Christmas from Team RecipeTin!,[]
My favourite sauces for oysters,[]
Mignonette Sauce for Oysters,"['eschalot', 'red wine vinegar', 'oysters', 'Black pepper']"
Tetsuya’s Oysters with Japanese Dressing,"['white sugar', 'Japanese soy sauce', 'rice vinegar', 'mirin', 'grapeseed or vegetable oil', 'sesame oil', 'grated ginger', 'oysters', 'salmon roe', 'chives', 'Rock salt']"
Cucumber lime jalapeno granita for oysters,"['cucumber', 'lime zest', 'lime juice', 'caster sugar', 'finely chopped jalapeño', 'oysters', 'Jalapeño slices']"
A magnificent Roast Beef Tenderloin,[]
Cut your own beef tenderloin –...,[]
Brie Dauphinoise Potatoes,"['thickened / heavy cream', 'garlic cloves', 'unsalted butter', 'starchy potatoes', 'cooking / kosher salt', 'black pepper', 'thyme leaves', 'small brie (8cm / 3.2"" wide)']"
What we put on our seafood...,[]
Christmas Edition: Good Food Australia,[]
Mini Christmas Cakes – gift!,"['raisins', 'diced dried apricots', 'mixed peel', 'glace cherries', 'dates', 'apple juice', 'unsalted butter', 'brown sugar', 'vegetable oil', 'molasses or golden syrup', 'salt', 'all spice', 'cinnamon', 'nutmeg', 'eggs', 'baking powder', 'plain flour', 'walnuts', 'Icing sugar, for dusting', 'Christmas fondant – see directions here', 'soft icing sugar / powdered sugar', 'unsalted butter, softened', 'vanilla', 'milk']"
Qeema – Easy Indian Curried Beef...,[]
2023 Holiday Gift Guide,[]
Holiday Stuffed Sweet Potato – with...,"['sweet potatoes', 'cooking / kosher salt', 'unsalted butter', 'pecan nuts', 'streaky bacon', 'colby cheese', 'black pepper', 'garlic powder', 'onion powder', 'paprika', 'cooking / kosher salt', 'panko breadcrumbs', 'sage leaves']"
Thai Turmeric Chicken,[]
Mini chocolate cakes,"['plain flour / all-purpose flour', 'cocoa', 'baking powder', 'baking soda / bi-carb', 'white sugar', 'cooking salt / kosher salt', 'large egg', 'milk', 'plain oil', 'vanilla extract', 'boiling water', 'instant coffee powder', 'unsalted butter', 'soft icing sugar / powdered sugar', 'cocoa powder', 'vanilla extract', 'milk', 'Dark chocolate', 'Raspberries, rosemary sprigs']"
Green Beans with a Mountain of...,"['green beans', 'extra virgin olive oil', 'cooking/kosher salt', 'black pepper', 'plain yogurt', 'tahini', 'lemon juice', 'garlic clove', 'cooking/kosher salt', 'panko breadcrumbs', 'extra virgin olive oil', 'cooking/kosher salt', 'parmesan']"
Lamb Souvlaki,"['boneless lamb leg', 'cooking / kosher salt', 'black pepper', 'extra virgin olive oil', 'skewers', 'garlic cloves', 'lemon juice', 'lemon zest', 'dried oregano', 'fresh bay leaves', 'white wine vinegar', 'extra virgin olive oil', 'cooking / kosher salt', 'pita bread', 'tzatziki', 'Greek salad', 'Greek lemon rice']"
Melting Moments,"['unsalted butter', 'vanilla extract', 'soft icing sugar / powdered sugar', 'plain / all-purpose flour', 'cornflour / cornstarch', 'unsalted butter', 'soft icing sugar / powdered sugar', 'lemon zest', 'lemon juice', 'unsalted butter', 'soft icing sugar / powdered sugar', 'fresh passionfruit pulp', 'lemon juice']"
My favourite Avocado Salad,[]
One-pan Baked Butter Chicken,[]
BIG NEWS: New RTM Kitchen!,[]
Fondant potatoes,"['large floury potatoes', 'cooking salt / kosher salt', 'black pepper', 'extra virgin olive oil', 'unsalted butter', 'thyme sprigs', 'chicken stock / broth']"
Penne all’Arrabbiata (spicy tomato pasta),[]
Bursting Blueberry Crumb Cake,"['flour', 'caster sugar', 'cinnamon powder', 'cooking/kosher salt', 'melted butter', 'vanilla extract', 'flour', 'baking powder', 'cooking/kosher salt', 'caster sugar', 'vanilla extract', 'lemon zest', 'large eggs', 'unsalted butter', 'sour cream', 'milk', 'fresh blueberries', 'lemon juice', 'caster sugar', 'flour']"
How to line a cake pan...,[]
Almost no-oil Pan Fried Eggplant,[]
African Chicken Curry – Kuku Paka,"['chicken thigh fillets', 'chicken drumsticks', 'cooking / kosher salt', 'black pepper', 'coconut oil', 'onion', 'garlic cloves', 'ginger', 'coriander powder', 'cumin powder', 'turmeric powder', 'pure chilli powder or cayenne pepper', 'coconut milk', 'crushed canned tomato', 'cooking / kosher salt', 'lemon juice', 'coriander/cilantro leaves', 'Basmati rice']"
Pumpkin Cake with Cream Cheese Frosting,[]
How I cook frozen peas –...,"['unsalted butter', 'garlic cloves', 'frozen peas', 'cooking / kosher salt', 'black pepper', 'water']"
Chicken Francese,"['large chicken breasts', 'flour', 'cooking salt / kosher salt', 'black pepper', 'large eggs', 'milk', 'extra virgin olive oil', 'lemon', 'unsalted butter', 'flour', 'chicken stock/broth', 'Chardonnay or other dry white wine', 'cooking salt / kosher salt', 'finely chopped parsley']"
Pierogi – Polish dumplings,[]
Hasselback potatoes,"['potatoes', 'extra virgin olive oil', 'cooking salt / kosher salt', 'extra virgin olive oil', 'cooking salt / kosher salt', 'garlic cloves', 'rosemary sprigs']"
Calabrian Fish Ragu Pasta,[]
Chocolate Cream Pie,"['Oreo biscuits', 'unsalted butter', 'cornflour / cornstarch', 'caster sugar', 'Pinch of salt', 'milk', 'cream', 'egg yolks', 'unsalted butter', 'vanilla extract', 'dark 70% cocoa chocolate', 'milk chocolate', 'thickened / heavy cream', 'white sugar', 'vanilla extract', 'Chocolate']"
Maple Roasted Pumpkin with Chili and...,"['pumpkin', 'red onion', 'walnuts', 'olive oil', 'maple syrup', 'cooking salt / kosher salt', 'dried chili flakes', 'Danish feta', 'large red chilli', 'parsley']"
Henry’s Crispy Fried Chicken Burger,[]
Miso Butter Corn,"['unsalted butter', 'white miso', 'streaky bacon', 'corn kernels', 'garlic cloves', 'cooking sake', 'white pepper', 'green onion']"
Top 10 recipes we make at...,[]
Basque Cheesecake,"['cream cheese blocks', 'caster / superfine sugar', 'whipping cream', 'flour', 'vanilla bean extract', 'lightly whisked eggs']"
Easy Roast Potatoes,[]
Homemade Pork Sausage Patties,"['pork mince (ground pork)', 'dried ground sage', 'dried thyme', 'onion powder', 'garlic powder', 'black pepper', 'cooking / kosher salt', 'sugar', 'olive oil', 'Ketchup for serving']"
Spicy Wontons in Chilli Sauce –...,"['wontons', 'green onion', 'Extra chilli oil', 'garlic cloves', 'caster / superfine sugar', 'red chilli flakes', 'sichuan pepper powder', 'Chinese five spice powder', 'Chinese chicken stock powder', 'Chinese chilli oil', 'vegetable oil', 'light soy sauce', 'rice vinegar', 'hot water']"
Bok Choy in Ginger Sauce,"['small bok choys', 'vegetable oil', 'ginger', 'water', 'cornflour/cornstarch', 'light soy sauce', 'oyster sauce', 'Chinese cooking wine', 'sesame oil', 'water', 'cooking salt', 'white pepper']"
Golden coconut chicken curry,"['coconut oil', 'star anise', 'cinnamon stick', 'onion', 'chicken thigh fillets', 'garlic', 'ginger', 'turmeric', 'chicken stock/broth', 'coconut cream', 'large head broccoli', 'coriander/cilantro leaves', 'cooking/kosher salt', 'garam masala', 'coriander powder', 'cumin powder', 'fennel powder', 'Crispy fried shallots', 'Rice']"
Easy Lemon Bars,[]
Garlic Noodles,"['dried ramen or noodle cakes', 'unsalted butter', 'garlic, finely minced', 'oyster sauce', 'fish sauce', 'Maggi seasoning', 'noodle cooking water', 'finely grated parmesan', 'green onion']"
Farro Salad with Sizzled Dressing,"['farro', 'apple cider vinegar', 'water', 'cooking/kosher salt', 'grape tomatoes', 'olive oil', 'each salt and pepper', 'eschallot', ' baby spinach', 'goats cheese', 'extra virgin olive oil', 'garlic', 'coriander seeds', 'cumin seeds']"
Haloumi fries,"['haloumi cheese blocks', 'canola oil', 'large eggs', 'plain/all purpose flour', 'Italian herbs', 'smoked paprika', 'ground white pepper', 'panko breadcrumbs', 'cooking/kosher salt', 'plain Greek yoghurt', 'garlic clove', 'lemon juice', 'extra virgin olive oil', 'cooking/kosher salt']"
Tuna sandwich,"['canned tuna in oil', 'whole egg mayonnaise or Kewpie', 'finely diced celery', 'finely chopped dill pickle', 'liquid from pickle jar', 'Dijon mustard', 'finely chopped dill', ' finely sliced green onion', 'black pepper', 'butter lettuce', 'Salted butter', 'bread or 4 rolls']"
Vietnamese Caramel Ginger Chicken,"['skinless chicken thigh fillets', 'fish sauce', 'bird’s eye chilli or Thai chilli', 'vegetable oil', 'brown sugar', 'ginger', 'eschallots', 'boiling water', 'Fresh coriander/cilantro or green onion slices', 'Red chilli', 'Jasmine rice']"
Rocky Road,"['dark chocolate melts or chips (1 1/2 cups)', 'milk chocolate melts or chips (1 1/2 cups)', 'coconut oil or any plain flavoured oil', 'marshmallows, pink and white', 'raspberry lollies', 'desiccated coconut', 'unsalted peanuts']"
Spicy Asian Zucchini,"['zucchini, small / medium ', 'canola oil', 'cooking/kosher salt', 'crispy fried shallots', 'green onion stem', 'canola oil', 'garlic cloves', 'sambal oelak', 'sesame oil', 'soy sauce', 'mirin']"
Crispy fried shallots,[]
Lamb Tagine,"['boneless lamb shoulder, trim the fat, then', 'lamb stewing meat or shoulder, already trimmed of fat', 'cooking/kosher salt', 'black pepper', 'canola oil', 'garlic cloves', 'brown onions', 'tomato paste', 'grated ginger', 'cinnamon sticks', 'chicken stock/broth', 'dried apricots', 'lemon zest', 'ground coriander', 'ground cumin', 'ground cardamom', 'turmeric powder', 'fennel powder', 'cayenne pepper', 'ground cloves', 'ground ginger', 'cooking/kosher salt', 'slivered almonds', 'coriander/cilantro leaves roughly chopped', 'couscous']"
Waffles,"['flour', 'caster sugar / superfine sugar', 'cooking / kosher salt', 'baking powder', 'milk', 'vanilla essence', 'large eggs', 'unsalted butter', 'Butter', 'Maple syrup', 'Icing sugar / powdered sugar', 'Strawberries, other fruit']"
Sweet potato steaks,"['gigantic sweet potato – to cut 2 x “steaks” ', 'olive oil', 'smoked paprika', 'onion powder', 'garlic powder', 'cumin powder', 'cooking/kosher salt', 'black pepper', 'plain yogurt', 'tahini', 'lemon juice', 'garlic clove', 'cooking/kosher salt', 'extra virgin olive oil', 'garlic cloves', 'eschallot', 'red cayenne pepper', 'green cayenne pepper', 'white sesame seeds', 'pine nuts', 'coriander/cilantro leaves', 'sumac', 'Pita or lebanese bread']"
One pot creamy tomato beef pasta,"['olive oil', 'garlic cloves', 'onion', 'beef mince / ground beef', 'Italian herbs', 'tomato paste', 'can crushed tomatoes', 'red pepper flakes', 'cooking salt/kosher salt', 'black pepper', 'chicken stock/broth', 'fusilli, penne, elbow macaroni', 'thickened / heavy cream', 'Parmesan cheese', 'Parsley']"
Apple Turnovers – with cream filled...,[]
Thai Coconut Pumpkin Soup,"['vegetable oil', 'brown onion', 'garlic cloves', 'Thai red curry paste', 'pumpkin or butternut squash', 'vegetable stock', 'coconut milk, ', 'fish sauce', 'Crispy Asian shallots', 'Red cayenne pepper', 'Fresh coriander leaves', 'Roti']"
How I cut butternut pumpkin (squash),[]
Garlic rice,"['unsalted butter', 'garlic cloves', 'white rice (uncooked)', 'chicken stock/broth', 'cooking/kosher salt', 'parsley']"
"Panang curry – real deal, from...",[]
The mighty Cobb Salad,[]
Arayes – Lebanese Meat-Stuffed Crispy Pita,[]
My Best Grilled Cheese Sandwich,[]
Japchae – Korean noodles,"['bone-in beef short ribs *RECOMMENDED*', 'boneless beef short ribs *RECOMMENDED*', 'scotch fillet / boneless rib eye', 'soy sauce', 'white sugar', 'finely minced garlic', 'black pepper', 'soy sauce', 'white sugar', 'finely minced garlic', 'sesame oil', 'cooking/kosher salt', 'black pepper', 'sweet potato noodles', 'vegetable oil', 'cooking/kosher salt', 'onion', 'green onion stems', 'fresh shiitake mushrooms', 'carrots', 'red capsicum/bell pepper', 'baby spinach', 'white sesame seeds']"
Golden Gaytime popcorn (copycat),"['vegetable oil', 'popping corn', 'unsalted butter', 'brown sugar', 'light corn syrup', 'cooking/ kosher salt', 'toffee or caramel essence OR 1 tsp vanilla', 'baking soda (bi-carb)', 'dark or white chocolate melts or chips', 'plain sweet biscuits']"
Bursty Tomato Burrata Salad,[]
Sizzling Ginger Steamed Fish,"['thinnish white fish fillet', 'cooking sake', 'Small pinch salt', 'Small pinch white pepper', 'green onion', 'ginger', 'large red chilli', 'light soy sauce', 'sesame oil', 'peanut oil']"
Hot chocolate fudge cake,"['plain/all-purpose flour', 'cocoa powder', 'baking powder', 'baking soda/bi-carb', 'caster/superfine sugar', 'salt', 'large egg', 'milk', 'unsalted butter', 'oil', 'vanilla extract', 'boiling water', 'thickened / heavy cream, or pure cream', 'dark chocolate melts or chips', 'Vanilla ice cream']"
“Large egg at room temperature” –...,[]
Balsamic marinated mushrooms,"['small whole white mushrooms', 'extra virgin olive oil', 'cooking/kosher salt', 'black pepper', 'sprigs fresh thyme', 'garlic cloves', 'garlic cloves', 'balsamic vinegar', 'extra virgin olive oil']"
Creamy Tuscan Chicken Soup,"['chicken thighs', 'each salt and pepper', 'unsalted butter', 'onion', 'garlic cloves', 'large celery stems', 'chardonnay', 'chicken stock/broth', 'water', 'cooking/kosher salt', 'black pepper', 'small pasta shells', 'parmesan, ', 'thickened/heavy cream', 'baby spinach', 'sun dried tomato strips', 'cornflour/cornstarch mixed with 2 tsp water']"
Rhubarb Crumble with Apple,[]
Risoni/Orzo Salad with Crispy Salami Bits,[]
Beef chow mein – great mince/ground...,[]
Spicy Tuna Crispy Rice (Nobu),"['crispy rice cakes', 'topping of choice (below) – Nobu sashimi tuna or canned tuna', 'avocado', 'jalapeño slices', 'black sesame seeds', 'sashimi grade tuna', 'sriracha', 'kewpie mayonnaise', 'sesame oil', 'cooking salt', 'finely chopped green onion', 'white sesame seeds', 'black sesame seeds', 'canned tuna in oil', 'sriracha', 'kewpie mayonnaise', 'lemon juice', 'sesame oil', 'cooking/kosher salt', 'finely chopped green onion', 'white sesame seeds', 'black sesame seeds']"
Crispy rice,"['sushi rice', 'water', 'canola oil', 'cooking / kosher salt', 'rice vinegar', 'caster sugar']"
Herb & Garlic Chicken Marylands,"['chicken marylands (US: leg quarters)', 'cooking/kosher salt', 'chardonnay or other dry white wine', 'unsalted butter', 'garlic cloves', 'fresh rosemary leaves', 'thyme leaves', 'cooking/kosher salt', 'black pepper']"
The Best Potato Salad,[]
Affogato,"['vanilla gelato or ice cream', ' hot espresso coffee', 'frangelico, amaretto or other liquor']"
Hungarian Goulash (beef stew-soup),[]
Spicy Asian Cucumber Salad,"['cucumbers', 'cooking/kosher salt', 'eschalot/French onion', 'green onion', 'chilli crisp', 'white seame seeds', 'rice vinegar', 'soy sauce', 'sesame oil']"
Cheese Bread (no knead!),[]
Corn Ribs – your new favourite...,[]
Chicken Marsala,"['chicken breasts', 'cooking salt / kosher salt', 'black pepper', 'flour', 'extra virgin olive oil', 'unsalted butter', 'eschalots', 'garlic', 'white mushrooms', 'dry marsala wine', 'chicken stock/broth', 'thickened / heavy cream', 'cooking salt / kosher salt', 'black pepper', 'finely chopped parsley']"
Glazed lemon loaf,"['plain flour / all-purpose flour', 'baking powder', 'salt', 'plain yogurt', 'large eggs', 'unsalted butter', 'vegetable or canola oil', 'lemon zest', 'lemon juice', 'caster sugar / superfine sugar', 'vanilla extract', 'lemon extract', 'soft icing sugar/powdered sugar', 'lemon juice']"
Easy Moroccan Stuffed Eggplant (beef or...,[]
Chilli Crisp Noodles,"['Chinese sesame paste', 'light soy sauce', 'rice vinegar', 'white sugar', 'sesame oil', 'cooking / kosher salt', 'chilli crisp (get oil + chili bits)', 'ginger', 'garlic', 'green onion stem', 'coriander/cilantro', ' instant noodles / ramen noodles', 'fresh noodles']"
Ham and cheese omelette,"['large eggs', 'of salt', 'cream', 'unsalted butter', 'chopped ham', 'shredded colby cheese', 'stem chive', 'Garlic butter roasted mushrooms', 'Roasted cherry tomatoes', 'Toast']"
Antipasto Chickpea Salad,"['oil reserved from sun-dried tomatoes jar', 'sherry vinegar', 'medium garlic clove', 'ground coriander', 'cooking salt/kosher salt', 'black pepper', 'cans chickpeas', 'baby rocket/arugula leaves', 'roasted red pepper strips', 'marinated artichoke hearts', 'sliced black kalamata olives', 'sun-dried tomato strips in oil', 'cherry tomatoes', 'coriander/cilantro leaves', 'Danish feta (or Greek)']"
Xinjiang Cumin Lamb Stir Fry,"['boneless lamb leg meat (or rump)', 'soy sauce', 'Chinese cooking wine', 'cooking/kosher salt', 'baking soda', 'cornflour / cornstarch', 'cumin powder', 'white sugar', 'ground Sichuan pepper', 'vegetable oil', 'dried Chinese chillis', 'onion', 'finely minced ginger', 'garlic', 'coriander/cilantro', 'toasted sesame seeds', 'Plain rice']"
No-bowl Chocolate Nut Bars,[]
Garlic cheese pizza,"['classic pizza dough', 'fast no-yeast pizza dough', 'Store bought', 'extra virgin olive oil', 'garlic', 'cooking salt / kosher salt', 'mozzarella cheese', 'parmesan']"
The Things We Do…,[]
Up-and-go breakfast muffins!,[]
Creamy baked fish on potato gratin,"['white fish fillets', 'cooking/kosher salt', 'black pepper', 'unsalted butter', 'large leeks', 'garlic cloves', 'medium starchy potatoes', 'cooking/kosher salt', 'black pepper', 'dry white wine', 'vegetable stock/broth', 'thickened/heavy cream', 'panko breadcrumbs', 'extra virgin olive oil', 'parmesan']"
15 minute Spicy Korean Noodle Soup,[]
Ricotta Pancakes,[]
Crunchy crumbed chicken drumsticks,"['chicken drumsticks', 'flour', 'large eggs', 'panko breadcrumbs', 'Canola oil spray', 'dried oregano', 'dried basil', 'garlic powder', 'smoked paprika', 'cayenne pepper or pure chilli powder ', 'cooking salt', 'black pepper']"
Mexican Chipotle Pork & Beans,"['pork shoulder', 'cooking/kosher salt', 'black pepper', 'cumin powder', 'chipotle in adobo ', 'olive oil', 'onion', 'garlic cloves', 'tomato paste', 'orange juice', 'chicken stock/broth', 'bay leaves', 'cooking/kosher salt', 'canned butter beans / lima beans', 'dried oregano', 'cumin powder', 'coriander powder', 'allspice powder']"
Chicken pasta bake,"['chicken thighs', 'cooking/kosher salt', 'black pepper', 'garlic powder', 'Italian herb mix', 'rigatoni', 'salt', 'streaky bacon', 'onion', 'garlic cloves', 'dried oregano', 'chilli flakes / red pepper flakes', 'chardonnay or other dry white wine', 'tomato paste', 'tomato passata', 'water', 'cooking/kosher salt', 'black pepper', 'tomatoes', 'big handfuls baby spinach', 'mozzarella,', 'parmesan, ']"
Kedgeree – English curried rice and...,[]
Beef empanadas,"['plain/all-purpose flour', 'cold unsalted butter', 'cooking/kosher salt', 'egg yolk', 'warm milk', 'olive oil', 'onion', 'garlic cloves', 'beef mince', 'chorizo', 'tomato paste', 'fresh thyme', 'EACH dried oregano, cumin, paprika', 'cayenne pepper', 'cooking/kosher salt', 'chicken stock/broth', 'tomato passata', 'potato', 'green onion', 'hard boiled eggs', 'green olives', 'eggs', 'Empanada sauce', 'Other options']"
Empanada sauce,"['medium tomatoes', 'garlic cloves', 'extra virgin olive oil', 'ground cumin', 'ground cayenne or pure chilli', 'white sugar', 'cooking/kosher salt', 'lime juice', 'sliced green onion', 'Beef empanadas']"
11 years of Dozer!,[]
Moroccan Lamb Meatballs,"['olive oil', 'lamb mince (ground lamb)', 'small onion', 'panko breadcrumbs', 'egg', 'garlic, crushed', 'coriander/cilantro leaves', 'EACH cumin, coriander, paprika ', 'EACH cinnamon, cayenne pepper', 'cooking/kosher salt', 'black pepper', 'plain yoghurt', 'mint leaves', 'lemon juice', 'cooking/kosher salt', 'pita pockets', 'shredded lettuce', 'tomatoes', 'red onion', 'OR Shredded Red Cabbage, Carrot and Mint Salad', 'coriander/cilantro leaves,']"
Brown Butter Oatmeal Choc Chip Cookies...,"['unsalted butter', 'flour', 'rolled oats', 'baking soda (bi-carb)', 'cooking/kosher salt', 'brown sugar', 'large egg', 'vanilla extract', '70% dark chocolate block, I use Lindt']"
Thai red curry pot roast chicken,"['whole chicken', 'cooking/kosher salt', 'vegetable oil', 'Thai red curry paste', 'large garlic cloves', 'fresh ginger', 'fresh lemongrass', 'chicken stock/broth', 'coconut cream', 'kaffir lime leaves', 'white sugar', 'fish sauce', 'small potatoes (12 or so), ', 'green beans', 'Thai basil leaves', 'Jasmine rice', 'Red chilli', 'Coriander / cilantro leaves']"
The most amazing canned tuna pasta,[]
Vietnamese lemongrass pork noodle bowls (bun...,[]
Vietnamese lemongrass pork steaks,"['pork shoulder', 'canola oil', 'lemongrass stalks', 'garlic cloves', 'lime juice', 'fish sauce', 'soy sauce', 'brown sugar', 'oil', 'baking soda/bi-carb']"
Sweet Potato Soup – simple but...,[]
Hot Cross Buns Recipe,"['instant or rapid rise yeast (9 grams)', 'caster sugar (superfine sugar)', 'milk, warm', 'bread flour (or plain / all purpose)', 'cinnamon powder', 'All Spice', 'salt', 'sultanas', 'oranges, zest only', '\xa0unsalted butter, melted and cooled', 'egg', 'Extra bread flour', 'flour ', 'water', 'apricot jam', 'water', 'dry yeast – any type (active dry, rapid rise, instant)', 'caster sugar (superfine sugar), or sub with normal white sugar', 'warm water (Note 2)', 'milk, lukewarm, whole or low fat, (Note 2)', 'bread flour + extra for dusting (Note 3)', 'cinnamon powder', 'All Spice', 'salt', 'oranges', 'sultanas (Note 4)', 'unsalted butter, melted and cooled', 'eggs, at room temperature, lightly beaten with fork', 'flour, any white flour', 'water', 'apricot jam', 'water']"
Cheesecake stuffed carrot bundt cake,"['can crushed pineapple', 'unsalted butter', 'cocoa powder', 'cream cheese block', 'sour cream', 'white sugar', 'lemon zest', 'vanilla extract', 'plain/all-purpose flour', 'large egg', 'plain/all-purpose flour', 'baking soda/bi-carb', 'salt', 'cinnamon powder', 'milk', 'white vinegar', 'large eggs', 'brown sugar', 'canola oil', 'shredded carrot', 'desiccated coconut', 'walnuts', 'cream cheese', 'unsalted butter', 'vanilla extract', 'soft icing sugar / powdered sugar', 'milk', 'lemon juice']"
Fish koftas,"['white fish fillets', 'egg white', 'red onion', 'garlic', 'cumin powder', 'coriander powder', 'cinnamon powder', 'cardamom powder', 'cooking salt', 'rice flour', 'chopped parsley', 'danish feta', 'extra virgin olive oil', 'plain yogurt', 'mint leaves', 'lemon juice', 'cooking / kosher salt', 'Parsley or coriander', 'Persian Jewelled Rice']"
Jewelled rice pilaf – for Easter!,[]
The 10 best Easter recipes –...,[]
Jalapeno popper stuffed chicken,"['chicken breast, ', 'cooking/kosher salt', 'smoked paprika', 'extra-virgin olive oil', 'cream cheese', 'mozzarella cheese', 'parmesan', 'jalapeños', 'garlic powder', 'black pepper', 'cooking / kosher salt']"
Egg sandwich,"['soft boiled eggs', 'whole egg mayonnaise', 'dijon mustard', 'finely chopped chives', 'black pepper', 'cooking/kosher salt', 'soft white sandwich bread', 'Soft salted butter']"
Roast Lamb Leg with Gravy,"['lamb leg', 'cooking salt', 'black pepper', 'fresh rosemary leaves', 'garlic cloves', 'olive oil', 'whole heads of garlic', 'Few sprigs rosemary', 'flour', 'beef broth / stock']"
How to boil eggs,['Large eggs']
Spinach ricotta stuffed shells,"['olive oil', 'eschallots/shallots or 1 small onion', 'garlic cloves', 'bay leaf', 'each dried thyme and oregano', 'tomato paste', 'tomato passata (US: tomato sauce)', 'Chardonnay or other dry white wine', 'vegetable stock/broth', 'salt', 'white sugar', 'black pepper', 'frozen chopped spinach', 'ricotta', 'parmesan', 'shredded cheese', 'egg', 'large garlic clove', 'Grated fresh nutmeg (just a sprinkling)', 'cooking / kosher salt', 'black pepper', 'jumbo pasta shells (conchiglioni)', 'shredded mozzarella', 'parmesan', 'Fresh basil and parmesan']"
Raspberry Jam Oat Bars,[]
One-pan baked sausage and lentils,[]
Easy lemon coconut almond cake,"['unsalted butter', 'large eggs', 'vanilla extract', 'caster sugar', 'almond meal ', 'cooking/kosher salt', 'baking powder', 'desiccated coconut ', 'lemon zest', 'flaked almonds']"
AWESOME vegetarian lettuce wraps,[]
Cheesy Mexican beef and bean bake,[]
Pesto pasta salad,"['spiral pasta', 'salt', 'pinenuts', 'basil leaves', 'small garlic clove', 'parmesan', 'cooking/kosher salt', 'black pepper', 'extra virgin olive oil', 'mayonnaise', 'cherry tomatoes, cut in half', 'baby bocconcini', 'baby rocket/arugula leaves (40g)', 'cooking/kosher salt', 'Small basil leaves']"
Toad in the hole – UK...,[]
Beef fried rice,"['dark soy sauce', 'light soy sauce', 'oyster sauce', 'Chinese cooking wine', 'white sugar', 'white pepper', 'sesame oil', 'eggs', 'oil', 'onion', 'garlic cloves', 'beef mince / ground beef', 'frozen diced carrots, peas, corn', 'day-old cooked rice', 'finely sliced green onions']"
The things we do……,[]
Crispy marinated baby octopus,"['baby octopus', 'water', 'onion', 'garlic cloves', 'black peppercorns', 'cooking salt (kosher salt)', 'lemon juice', 'parsley stems', 'bay leaves', 'extra virgin olive oil', 'garlic cloves', 'lemon zest', 'lemon juice', 'dried red chilli flakes', 'each cooking/kosher salt and black pepper', 'canola oil', 'parsley', 'large red chilli', 'Lemon wedges']"
One-pot Greek chicken risoni (orzo),[]
Chewy muesli bars (granola bars),[]
Purple rice (red cabbage rice),"['unsalted butter', 'garlic cloves', 'onion', 'finely shredded red cabbage', 'cooking salt', 'black pepper', 'jasmin rice', 'vegetable stock', 'green onion']"
Chili dogs,"['smoked paprika', 'cumin powder', 'cayenne pepper', 'garlic powder', 'onion powder', 'oregano', 'mustard powder', 'black pepper', 'olive oil', 'garlic cloves', 'onion', 'red capsicum / bell pepper', 'ground beef / beef mince', 'tomato paste', 'canned crushed tomato', 'beef cubes', 'water', 'cooking/kosher salt', 'good smoked sausages', 'hot dog buns', 'white onion', 'Yellow mustard', 'Colby or Monterey Jack', 'Plain crinkle cut potato chips']"
Chicken Banh Mi (Vietnamese sandwich),"['medium carrots', 'large white radish', 'boiling water', 'white sugar', 'cooking / kosher salt', 'rice wine vinegar', 'crusty white rolls', 'salted butter', 'chicken pate', 'whole egg mayonnaise or Kewpie', 'shredded chicken', 'green onion stems', 'cucumber', 'coriander/cilantro sprigs', 'Maggi seasoning', 'birds eye or Thai red chilli']"
Mango pancakes,"['milk', 'plain flour', 'cornflour / cornstarch', 'icing sugar / powdered sugar', 'large eggs', 'yellow food colouring', 'Canola oil spray', 'large ripe mangoes', 'thickened/heavy cream', 'icing sugar / powdered sugar', 'vanilla extract']"
Lunchbox Pizza Bread (easy),[]
Carbonara,"['guanciale (pancetta or block bacon),', 'large eggs', 'egg yolks', 'parmigiano reggiano', 'black pepper', 'spaghetti', 'cooking/kosher salt', 'pasta cooking water', 'garlic clove', 'Parsley', 'Parmigiano reggiano']"
Gazpacho,"['ripe tomatoes', 'cucumber (20cm/8"" long)', 'red capsicum/bell pepper', 'garlic cloves', 'red onion', 'extra virgin olive oil', 'sherry vinegar', 'cooking/kosher salt', 'black pepper', 'Crusty bread', 'Cucumber']"
Chorizo chickpea stew (quick!),[]
Moroccan lamb backstrap,"['lamb backstraps', 'extra virgin olive oil', 'extra virgin olive oil', 'cooking/kosher salt', 'cumin powder', 'ground ginger', 'black pepper', 'allspice powder', 'cinnamon powder', 'coriander powder', 'clove powder', 'Greek yoghurt', 'lemon juice', 'olive oil', 'each salt and pepper', 'of sumac or paprika', 'Pearl couscous salad', 'Classic couscous', 'More side suggestions in post']"
Pearl Couscous Salad,[]
Baked Buffalo Wings – ULTRA CRISPY!!,[]
Rum raisin ice cream (easy!),[]
Jamaican rice and peas (beans),[]
Jamaican Slaw,"['heaped cups green cabbage', 'shredded carrot', 'diced pineapple', 'raisins', 'yellow mustard', 'apple cider vinegar', 'extra virgin olive oil', 'jalapeño', 'green onion', 'cooking/kosher salt', 'black pepper']"
Jerk Fish – for Jamaican week!,[]
Chocolate custard cake,"['Oreo cookies', 'unsalted butter', 'milk', 'vanilla', 'caster sugar', 'egg yolks', 'cornflour / cornstarch', '70% cocoa chocolate', 'Chantilly cream', 'Raspberry or strawberries', 'Icing sugar / powdered sugar']"
What I do with leftover egg...,[]
One Pot Mexican Chicken and Rice,[]
Glass noodle salad with lime cashew...,[]
Salisbury steak meatballs with mushroom gravy,"['panko breadcrumbs', 'onion', 'beef mince (ground beef)', 'garlic clove', 'egg', 'ketchup', 'beef bouillon cube', 'Worcestershire sauce', 'dijon mustard', 'olive oil', 'unsalted butter', 'mushrooms', 'each cooking/kosher salt & pepper', 'garlic cloves', 'beef stock', 'each cooking/kosher salt & pepper', 'flour', 'water', 'dijon mustard', 'Worcestershire sauce', 'Mashed potato', 'Parsley']"
What recipes do you want in...,[]
Interview: Life of Dozer 2022,[]
Blinis with smoked salmon,"['warm water', 'dry yeast', 'white sugar', 'plain flour', 'buckwheat flour', 'cooking/kosher salt', 'milk', 'unsalted butter', 'large egg', 'Canola spray', 'cream cheese', 'crème fraîche (or sour cream)', 'fresh dill', 'lemon juice', 'cooking/kosher salt', 'white pepper', 'smoked salmon (or trout) slices', 'Extra fresh dill']"
Annual Christmas Selfie (Fail) 2022,[]
Mini Pavlovas,"['egg whites (5 – 6 large eggs)', 'caster sugar', 'cornflour / cornstarch', 'white vinegar', 'heavy/thickened cream', 'mascarpone, OPTIONAL', 'caster sugar / superfine sugar', 'vanilla extract', 'Strawberries, mangoes', 'Blueberries, raspberries, kiwi sliced, passionfruit pulp', 'Small mint sprigs', 'Icing sugar / powdered sugar']"
My best make-ahead Christmas recipes,[]
My secret tips to make Christmas...,[]
How to make glazed ham the...,[]
"Chicken sandwiches – gatherings, picnics, lunches!",[]
Giveaway! Signed book + handcrafted Japanese...,[]
Honey Soy Wings,"['chicken wings', 'white sesame seeds', 'green onion stem', 'honey', 'light soy sauce', 'dark soy sauce', 'apple cider vinegar', 'large garlic clove', 'canola oil']"
How to cut chicken wings,[]
Éclairs,"['unsalted butter', 'water', 'plain/all-purpose flour', 'cooking/kosher salt', 'large eggs (55-60g/2oz each)', '70% cocoa dark chocolate block', 'thickened/heavy cream', 'corn syrup or liquid glucose', 'thickened/heavy cream or whipping cream', 'mascarpone', 'icing sugar/powdered sugar', 'vanilla bean paste or extract or, 2 vanilla pods']"
Whipped cream (Chantilly cream),[]
Make-ahead Mashed Potato Casserole,[]
My Perfect Apple Pie,[]
"FREE gift for “Dinner” pre-orders! (UK,...",[]
Chicken in Creamy Mustard Sauce,"['chicken thigh fillets', 'olive oil', 'cooking/kosher salt', 'black pepper', 'thickened/heavy cream', 'Dijon mustard', 'whole grain mustard', 'cooking/kosher salt', 'black pepper', 'water', 'fresh tarragon', 'parsley']"
Spicy Firecracker Beef,"['oil', 'beef mince / ground beef', 'garlic cloves', 'chilli flakes / red pepper flakes', 'water', 'soy sauce', 'rice vinegar', 'sriracha sauce', 'brown sugar', 'Rice, ', 'green onion', 'sesame seeds', 'Diced cucumber, julienned carrot, finely sliced red radish', 'Extra sriracha sauce']"
Mini Cheesecakes,"['digestive biscuits (10 pieces) or Graham Crackers (20 squares)', 'unsalted butter', 'caster sugar', 'cinnamon powder', 'of salt', 'cream cheese', 'flour', 'vanilla extract', 'sour cream', 'caster sugar', 'lemon zest', 'salt', 'large eggs', 'thickened / heavy cream', 'vanilla extract', 'icing sugar / powdered sugar', 'Strawberries (small), blueberries and raspberries', 'small sprigs of mint', 'Icing sugar / powdered sugar']"
“Why are all these people here??”,[]
"Creamy Feta Dip – quick, easy,...",[]
Pasta Primavera,"['linguine', 'white mushrooms', 'large zucchini', 'bunch broccolini', 'snow peas', 'bunch green asparagus', 'green peas', 'cherry tomatoes', 'garlic cloves', 'unsalted butter', 'thickened / heavy cream', 'Parmigiano reggiano', 'extra virgin olive oil', 'pasta cooking water', 'cooking/kosher salt', 'black pepper', 'fresh basil leaves', 'pinenuts']"
Cinnamon Apple Bread,"['Granny Smith apple', 'demerara sugar', 'cinnamon powder', 'diced Granny Smith apple', 'cinnamon powder', 'brown sugar', 'cinnamon powder', 'ginger powder', 'allspice', 'plain / all-purpose flour', 'baking powder', 'baking soda', 'cooking / kosher salt', 'brown sugar', 'yogurt', 'eggs', 'canola oil', 'vanilla extract', 'walnuts']"
Chilli Lime Fish,"['thin white fish fillets (~1cm / 0.4"" thick)', 'cooking/kosher salt', 'rice flour or ordinary flour', 'canola oil', 'sesame oil', 'garlic cloves', 'ginger', 'chilli flakes / red pepper flakes', 'sriracha', 'light soy sauce or fish sauce', 'brown sugar', 'water', 'lime juice', 'coriander/cilantro leaves', 'large red chilli', 'Lime wedges', 'Rice of choice', 'Steamed Asian greens ']"
US & Canada pre-order & free...,[]
Cookbook tour dates & exclusive Dinner...,[]
Mushroom Quesadillas,[]
My best Pulled Pork,"['pork butt / Boston butt / square cut pork shoulder', 'beer', 'water', 'brown sugar', 'paprika powder', 'garlic powder', 'onion powder', 'mustard powder', 'cumin powder', 'dried oregano', 'cayenne pepper', 'cooking/kosher salt*', 'black pepper', 'apple cider vinegar', 'ketchup ', 'water', 'molasses', 'brown sugar', 'Worcestershire sauce', 'Tabasco', 'mustard powder', 'garlic powder', 'cooking/kosher salt', 'black pepper']"
Lemon Cheesecake,[]
Crispy Chinese Eggplant,[]
Custard Cake With Blueberries,"['milk', 'vanilla bean paste', 'superfine/caster sugar', 'egg yolks (~4 large eggs)', 'cornflour / cornstarch', 'unsalted butter', 'superfine/caster sugar', 'canola oil', 'large egg', 'plain yogurt', 'vanilla extract', 'lemon zest', 'flour', 'baking powder', 'of salt', 'blueberries']"
Devour – Maple Sweet Potato Salad...,[]
Chicken Rissoles (chicken patties!),"['chicken mince', 'carrot, medium', 'zucchini, medium', 'egg', 'Colby cheese, shredded ', 'panko breadcrumbs', 'finely chopped parsley', 'cooking/kosher salt', 'black pepper', 'canola oil', 'Ketchup – for dipping']"
French Sausage & Bean Casserole,[]
Vegetable Dumplings (Potstickers!),"['green cabbage', 'cooking/kosher salt', 'dried shiitake mushroom', 'firm tofu', 'garlic', 'ginger', 'green onion', 'finely grated floury potato', 'toasted sesame oil', 'light soy sauce', 'sugar', 'cooking/kosher salt', 'white pepper', 'round dumpling wrappers', 'canola oil', 'water per cooking batch']"
Beef Wellington,[]
Mega Italian Salad,"['white sandwich bread', 'extra virgin olive oil', 'salt', 'extra virgin olive oil', 'red wine vinegar', 'freshly grated parmesan', 'sugar', 'each garlic powder', 'dried basil', 'chilli flakes', 'cooking/kosher salt', 'black pepper', 'cos / romaine lettuce', 'large tomatoes', 'green capsicum/bell pepper', 'red onion', 'whole pitted kalamata olives', '(tightly packed) finely grated parmesan']"
Spicy Sichuan Pork Noodles,[]
"Hazelnut Olive Oil Cake (GF, DF)","['hazelnut meal (1 3/4 cups firmly packed)', 'baking soda / bicarbonate soda', 'Zest of 1 lemon', 'of salt', 'extra-virgin olive oil', 'caster sugar / superfine sugar', 'large eggs', 'vanilla extract', 'whole hazelnuts', 'Icing sugar / confectioners’ sugar', 'Crème fraîche']"
One-Tray Moroccan Baked Chicken With Chickpeas,[]
Saltimbocca,"['thin veal steaks or boneless cutlets', 'black pepper', 'large sage leaves', 'prosciutto slices', 'flour', 'olive oil', 'COLD unsalted butter', 'white wine', 'Small pinch of salt']"
12 spices for 800+ recipes,[]
Our Secret Family Quick Ramen,[]
Red Vietnamese Fried Rice,"['unsalted butter', 'garlic cloves', 'diced ham', 'frozen peas', 'day-old cooked jasmine rice', 'tomato paste', 'fish sauce', 'soy sauce', 'white sugar', 'eggs']"
Perfect Crispy French fries,[]
Fries seasoning,"['table salt', 'onion powder', 'garlic powder', 'paprika', 'dried oregano', 'dried parsley', 'cayenne pepper', 'black pepper']"
Rosemary Salt,"['x 15 cm/6"" sprigs of rosemary', 'table salt']"
Slow-Cooked Beef Ribs In Korean BBQ...,[]
Cheeseburger – double or single,[]
Special Burger Sauce,"['whole egg mayonnaise', 'American yellow mustard', 'sweet gherkins finely chopped', 'gherkin juice', 'white sugar', 'white wine vinegar', 'paprika', 'garlic granules', 'onion powder']"
Quick tomato chutney burger sauce,"['canned tomato', 'Worcestershire sauce', 'apple cider vinegar', 'brown sugar', 'garlic powder', 'onion powder', 'smoked paprika', 'mustard powder', 'celery salt', 'cooking/kosher salt', 'black pepper']"
BIG NEWS: RecipeTin Eats cookbook pre-orders...,[]
Stuffed Butternut Pumpkin,[]
The most amazing avocado pasta salad,[]
Spanish Seafood Stew,[]
Crispy Baked Chicken Drumsticks,"['chicken drumsticks', 'extra virgin olive oil', 'Oil spray', 'garlic powder', 'onion powder', 'smoked paprika', 'black pepper', 'cooking/kosher salt', 'plain/all-purpose flour', 'baking powder']"
Vietnamese Shaking Beef,[]
Flourless Chocolate Brownies (gluten free),[]
Crazy Crispy No-Oil Chicken,[]
Immunity-boosting Green Goddess Soup (delish!),[]
My favourite Tomato Salad,"['ripe tomatoes', 'finely minced eschalots', 'finely minced garlic', 'white wine vinegar', 'extra virgin olive oil', 'cooking / kosher salt', 'white pepper', 'finely sliced basil leaves']"
Restaurant lamb shanks in red wine...,[]
"Photoshoots, blackouts and ripping up the...",[]
Bizarrely Good Wings,[]
Teriyaki Salmon Noodles,"['oil', 'salmon fillet', 'instant noodle / ramen noodle cakes', 'onion', 'garlic clove', 'small bunch Chinese broccoli', 'soy sauce', 'mirin', 'cooking sake', 'white sugar']"
Honey Cake,"['plain flour', 'baking powder', 'cooking salt', 'unsalted butter', 'honey', 'large eggs', 'milk', 'orange zest', 'almond flakes', 'honey', 'water', 'lemon juice', 'Vanilla ice cream, cream, lightly toasted almond flakes or slivered almonds']"
Pan-Fried Fish Fillets,[]
Chicken Tagine,"['dried apricot, halved', 'chicken thighs', 'salt', 'olive oil', 'onion', 'garlic cloves', 'cinnamon stick', 'crushed tomato', 'canned chickpeas', 'preserved lemon skin', 'chicken stock, low-sodium', 'cooking salt', 'ground cumin', 'ground ginger', 'black pepper', 'allspice powder', 'cinnamon powder', 'coriander powder', 'clove powder', 'Couscous – plain or with fruit and/or nuts', 'fresh coriander', 'kalamata olives ', 'slivered almonds']"
Moroccan Harira Soup With Lamb,[]
Supreme Soy Noodles (NEW recipe –...,[]
4 month catch up!!! Cookbook Part...,[]
Chicken Shawarma (Middle Eastern),[]
MARINATED Vegetarian Pasta Salad!,[]
Baked Brie,"['round brie', 'honey or maple syrup', 'thyme sprig', 'Crostini', 'bunch purple grapes']"
Cosmopolitan Cocktails,"['Vodka', 'Cointreu', 'cranberry juice', 'lime juice', 'Ice', 'Orange peel']"
The Annual Christmas Selfie 2021,[]
Baked Creamy Feta Risoni,[]
Maple Glazed Ham,[]
Crispy Salt & Pepper Tofu,[]
Christmas Recipes and Menus,[]
Christmas Cookies! (Vanilla Biscuits/Sugar Cookies),[]
Christmas Baked Salmon: Easy & Make-ahead,[]
Teriyaki Beef Bowls,[]
Standing Rib Roast (Prime Rib),[]
Zuppa Toscana,[]
Crispy Garlic Chicken Thighs,[]
Mexican Corn Salad,"['corn cut from the cob (~4 large ears)', 'butter', 'garlic cloves', 'each salt and pepper', 'mayonnaise', 'sour cream', 'parmesan cheese', 'Jalapeno', 'coriander / cilantro leaves', 'green onion', 'red onion', 'lime juice', 'Cotija or Feta', 'Jalapeno slices, coriander/cilantro leaves, lime wedges']"
Baked Mac and Cheese,"['macaroni (elbow pasta)', 'unsalted butter ', 'panko breadcrumbs', 'unsalted butter', 'salt', 'unsalted butter', 'flour', 'milk', 'freshly shredded cheese, gruyere best', 'freshly shredded mozzarella cheese', 'salt', 'garlic powder', 'onion powder', 'mustard powder']"
Making of a cookbook Part 2...,[]
Cheesy Mini Potato Gratin Stacks (Muffin...,[]
Baja Fish Tacos,[]
Pad See Ew (Thai Stir Fried...,[]
Bangers and Mash (Sausage with Onion...,"['oil', 'sausages of choice', 'large onion', 'garlic cloves', 'flour', 'beef stock/broth', 'salt', 'black pepper', 'Mashed potato', 'Peas']"
Blueberry Bread Loaf,[]
Sticky Chicken Drumsticks,[]
Really Quick Broccoli Pasta,[]
Baked Vegetable Frittata,"['eggs', 'cream or milk', 'salt and pepper, each', 'shredded cheese', 'mushroom, sliced', 'feta', 'olive oil', 'garlic cloves, minced', 'salt', 'pepper', 'mixed dried herbs', 'pumpkin', 'zucchinis', 'large red capsicum']"
Crispy Korean Pancakes,[]
Pressing Pause – feels like failure,[]
Chicken Tinga Tacos,[]
Ultimate Roast Lamb: 12-hour lamb shoulder,[]
Sautéed Green Beans with Garlic,[]
Tachin,[]
Crispy Skin Fish,[]
Fish with skin that goes crispy,[]
Flan Pâtissier (French Custard Tart),"['milk', 'vanilla beans', 'caster sugar', 'egg yolks', 'large egg', 'cornflour/cornstarch', 'unsalted butter', 'butter puff pastry, FROZEN', 'egg yolk', 'Butter']"
The Bangkok – Satay Chicken Noodle...,[]
The making of a cookbook –...,[]
Pearl Barley Soup,"['extra virgin olive oil', 'onion', 'carrot', 'celery stems', 'swede ', 'white mushrooms', 'garlic cloves', 'fresh thyme', 'ground coriander', 'ground fennel', 'fresh bay leaves', 'cooking/kosher salt', 'black pepper', 'pearl barley', 'vegetable stock', 'fresh parsley leaves']"
One-Pot Sausage Meatball Pasta,[]
Honey Prawns – stays crispy!,"['prawns/shrimp', 'kosher/cooking salt', 'cornflour/cornstarch', 'cornflour/cornstarch', 'flour', 'baking powder', 'salt', 'COLD soda water, club soda or seltzer water', 'vegetable or canola oil', 'honey', 'glucose OR corn syrup (light)', 'light soy sauce', 'Chinese cooking wine', 'Vermicelli rice noodles (optional)', 'Sesame seeds, finely sliced green onions']"
Chicken Ragu,[]
Chicken Fricassée (quick French chicken stew),"['chicken drumsticks', 'chicken thighs', 'salt', 'black pepper', 'unsalted butter', 'white mushrooms', 'medium brown onions', 'garlic cloves', 'bay leaf', 'thyme sprigs', 'flour', 'white wine', 'chicken stock', 'salt', 'black pepper', 'parsley', 'thickened/heavy cream']"
Chicken stock,"['chicken frames (ie carcass)', 'carrot', 'onion', 'celery stem', 'black peppercorns', 'apple cider vinegar', 'bay leaves', 'thyme sprigs', 'parsley sprigs', 'water']"
Garlic Roasted Mushrooms,[]
"Lemon Cake with Fluffy, Less-Sweet Lemon...",[]
Bacon-Wrapped Pork Tenderloin,[]
Easy Everyday Chicken Stir-Fry,[]
Italian Crusted Sardines,"['butterflied sardines', 'salt', 'pepper', 'smoked paprika', 'extra virgin olive oil', 'panko breadcrumbs', 'garlic clove', 'toasted pinenuts', 'anchovies fillets', 'baby capers', 'lemon zest', 'pecorino cheese', 'fresh oregano', 'extra virgin olive oil', 'red onion, finely chopped ', 'large red chilli, finely chopped ', 'parsley']"
Crostini,"['crusty baguette', 'salt', 'extra virgin olive oil', 'garlic clove']"
Family Meat Pie,"['chuck beef', 'salt', 'pepper', 'olive oil', 'unsalted butter', 'mushrooms', 'streaky bacon', 'onion', 'garlic cloves', 'celery', 'carrot', 'Guinness', 'beef stock', 'water', 'salt', 'coarsely crushed black pepper', 'flour', 'unsalted butter', 'quantity shortcrust pastry', 'sheet puff pastry', 'egg', 'Ketchup or Aussie Tomato Sauce']"
Sesame Ginger Garlic Stir-Fried Vegetables,[]
Sesame Crusted Tofu Steaks,"['extra firm or hard tofu', 'each salt and pepper', 'flour', 'egg', 'white sesame seeds', 'black sesame seeds', 'canola/vegetable oil', 'garlic cloves', 'green onion', 'soy sauce', 'mirin', 'cooking sake', 'water']"
"Bean Soup (El Bulli, world-famous restaurant)",[]
Malaysian Hokkien Mee,[]
The RecipeTin cookbook – tell me...,[]
Coq au Vin,"['chicken thighs', 'chicken drumsticks', 'pearl onions or picking onions', 'bay leaf', 'thyme sprigs', 'pinot noir red wine', 'vegetable oil', 'salt', 'pepper', 'white mushrooms', 'bacon piece', 'unsalted butter', 'garlic cloves', 'tomato paste', 'flour', 'beef stock', 'salt', 'black pepper', 'parsley', 'Mashed potato']"
Japanese Slaw – Chargrill Charlie’s Copycat,"['green cabbage', 'red cabbage', 'carrot (medium)', 'green onion stems', 'edamame', 'Japanese seaweed salad', 'soy sauce', 'rice vinegar', 'Kewpie mayonnaise', 'toasted sesame oil', 'olive oil', 'sugar', 'wasabi paste']"
Pear Salad with blue cheese,"['pears', 'walnuts', 'rocket/arugula lettuce', 'roquefort, gorgonzola, stilton or other good blue cheese, ', 'Dijon mustard', 'honey', 'cider vinegar', 'vegetable or olive oil', 'salt', 'black pepper']"
"Roasted Flat Mushrooms with Green Onion,...","['large mushrooms', 'unsalted butter', 'green onion', 'parsley', 'fresh thyme leaves', 'salt', 'black pepper', 'chopped scallions', 'dozen thyme stalks']"
Chipotle Salmon Tacos,[]
Thai Black Sticky Rice Pudding,"['black glutinous rice', 'white glutinous rice', 'water', 'pandan leaves', 'palm sugar', 'salt', 'coconut cream', 'salt', 'shaved coconut', 'Mango cubes or crushed peanuts']"
Blueberry Tart With Almond Filling,[]
Green Papaya Salad,"['garlic', 'bird eye chillies,', 'dried shrimp', 'palm sugar', 'lime juice', 'fish sauce', 'roasted peanuts', 'snake beans', 'grape tomato', 'green papaya', 'Thai basil leaves']"
Thai Yellow Curry,"['dried red chillis', 'fresh birds eye chillis', 'lemongrass stems', 'eschalots', 'fresh turmeric', 'galangal', 'garlic', 'Thai shrimp paste in bean oil', 'ground coriander', 'ground cumin', 'ground cardamom', 'fenugreek powder', 'white pepper', 'vegetable oil', 'medium potato', 'small carrot', 'chicken stock', 'coconut cream', 'fish sauce', 'white sugar', 'tamarind puree', 'prawns/shrimp', 'bamboo shoots', 'Thai basil leaves', 'Red chilli', 'Crispy fried shallots', 'Jasmine rice']"
Southern Pork & Beans,[]
Chocolate Muffins,"['plain flour (all-purpose flour)', 'baking soda / bi-carb', 'salt', 'Dutch process cocoa powder', 'instant coffee granules / powder', 'milk', 'canola oil', 'brown sugar', 'vanilla extract', 'sour cream', 'large egg ', 'dark chocolate chips']"
Just a great Pork Rub,"['smoked paprika', 'salt', 'black pepper', 'garlic powder', 'onion powder', 'dried oregano', 'mustard powder', 'cumin powder', 'sage powder', 'pork chops, any type', 'olive oil', 'unsalted butter']"
Restaurant-Worthy Easy Prawn Linguine,[]
Fish with White Wine Sauce,"['x 150g / 5oz white fish fillets', 'salt', 'pepper', 'extra virgin olive oil', 'eschalot', 'white wine', 'lemon juice', 'white wine vinegar', 'salt', 'pepper', 'white sugar', 'thickened/heavy cream', 'unsalted butter', 'finely chopped parsley']"
Shirred Eggs (Baked Eggs with Spinach...,[]
Island Bliss – Prawn Salad With...,[]
Smoked Sausage and Rice – quick...,"['extra virgin olive oil', 'garlic cloves', 'onions', 'yellow capsicum', 'red capsicum', 'kransky or other smoked sausages', 'salt', 'pepper', 'smoked paprika', 'long grain white rice', 'chicken stock/broth', 'frozen peas', 'parsley']"
Spaghetti alla Puttanesca,"['spaghetti', 'extra virgin olive oil', 'garlic cloves', 'anchovy fillets', 'pitted black olives', 'capers', 'chilli flakes', 'can crushed tomato', 'water', 'fresh oregano', 'kosher / cooking salt', 'black pepper', 'sugar', 'fresh basil']"
Buttercream Frosting – 10 Flavours,[]
Red Velvet Cupcakes,"['cake flour', 'cocoa powder', 'baking powder', 'salt', 'unsalted butter', 'caster sugar (superfine sugar)', 'large eggs', 'vegetable oil', 'buttermilk', 'vanilla extract', 'white vinegar', 'red food colouring', 'unsalted butter', 'Philadelphia block cream cheese', 'vanilla extract', 'salt', 'soft icing sugar mixture (powdered sugar)']"
The Garden Salad,[]
Panzanella (Italian tomato & bread salad),"['stale bread', 'extra virgin olive oil', 'medium tomatoes', 'cooking/kosher salt', 'Lebanese cucumbers', 'basil leaves', 'red or white wine vinegar', 'Dijon mustard', 'extra virgin olive oil', 'garlic', 'salt']"
Blood Orange Salad,"['red onion', 'white sugar', 'white wine vinegar', 'extra virgin olive oil', 'kosher / cooking salt', 'pepper', 'blood oranges', 'fennel', 'parsley leaves']"
Chorizo Potato Stew-Soup,[]
Café de Paris butter – sauce...,"['unsalted butter', 'eschalot', 'garlic', 'anchovy fillets', 'lemon juice', 'Worcestershire sauce', 'Dijon mustard', 'curry powder', 'paprika', 'kosher / cooking salt', 'tarragon', 'parsley', 'Steaks of choice', 'cooking/kosher salt per steak', 'black pepper per steak', 'vegetable or canola oil']"
Green Spaghetti,[]
Ayam Goreng (Malaysian Fried Chicken),"['chichen thighs ad drumsticks, bone in skin on', 'coriander seeds', 'cumin seeds', 'fennel seeds', 'garlic cloves', 'ginger', 'galangal', 'curry powder', 'lemongrass', 'turmeric powder', 'small eshalots', 'cooking/kosher salt', 'chilli powder', 'brown sugar', 'coconut milk', 'cornflour / cornstarch', 'vegetable or canola oil', 'garlic', 'large red chilli', 'green onion', 'Pinch of salt', 'Coriander/cilantro leaves']"
Fish Cakes,"['white fish fillets', 'unsalted butter', 'salt', 'black pepper', 'potatoes', 'garlic cloves', 'green onion', 'large red chillis', 'thyme leaves', 'parsley', 'salt', 'flour', 'eggs', 'panko breadcrumbs', 'vegetable or canola oil']"
Emergency “Dump & Bake” Fried Rice,[]
Italian Beef Rice Pilaf,[]
Peach Cobbler,"['(8) yellow peaches', 'caster / superfine sugar', 'cornflour / cornstarch', 'lemon juice', 'salt', 'flour', 'caster / superfine sugar', 'baking powder', 'baking soda (bi-carb)', 'salt', 'unsalted butter', 'plain yoghurt', 'demerara sugar', 'cinnamon powder', 'Ice cream']"
Mushroom Lasagne,[]
Sticky Honey Soy Baked Chicken,"['bone-in, skin-on chicken thighs OR drumsticks', 'red onion', 'garlic', 'honey', 'soy sauce', 'apple cider vinegar ', 'sesame oil', 'black pepper', 'Sesame seeds', 'Fresh coriander/cilantro leaves ']"
Roasted Vegetables,"['small potatoes', 'carrots', 'large parsnip', 'red onion', 'garlic cloves', 'thyme sprigs', 'sage sprigs', 'extra virgin olive oil', 'cooking/kosher salt', 'black pepper', 'parsley']"
Borek – Spiced lamb filo pastry,[]
Beef Satay with Thai Peanut Sauce,"['bamboo skewers', 'beef rump steak (top sirloin in the US)', 'coconut mik', 'curry powder', 'white sugar', 'red curry paste', 'baking soda / bi-carb', 'salt', 'red curry paste', 'coconut milk', 'natural peanut butter', 'white sugar', 'dark soy sauce', 'salt', 'cider vinegar', 'water', 'vegetable oil', 'peanuts', 'Lime wedges', 'Coriander / cilantro leaves and sliced red chilli']"
3-Minute Double Smash Burgers,[]
Mushroom-Stuffed Chicken Breast,[]
Madeleines,"['plain flour (all purpose flour)', 'baking powder', 'large eggs', 'caster sugar (superfine sugar)', 'salt', 'vegetable oil', 'milk', 'honey', 'vanilla extract', 'lemon zest', 'unsalted butter', 'Canola oil spray', 'Icing sugar / powdered sugar']"
Lime Prosecco Granita,[]
Vindaloo,"['beef chuck', 'salt', 'Kashmiri chilli powder – TEST spiciness before using! ', 'coriander seeds', 'cumin seeds', 'cloves', 'cardamom pods', 'cinnamon powder', 'black peppercorns', 'fresh ginger', 'garlic cloves', 'brown sugar', 'fenugreek seeds', 'turmeric powder', 'white vinegar', 'water', 'ghee or unsalted butter', 'onion', 'ginger', 'garlic cloves', 'black mustard seeds', 'tomato paste', 'curry leaves', 'beef stock', 'coriander/cilantro leaves']"
Ottolenghi’s Green Bean Salad,[]
Saucy Baked Pork Meatballs,[]
Singapore Chilli Crab,"['live mud crab or other large, fresh crab', 'red cayenne chilli', 'taucu paste', 'garlic cloves', 'eschalots', 'ginger', 'canola oil', 'belachan dried shrimp paste', 'tomato passata', 'sweet chilli sauce', 'ketchup', 'water', 'egg', 'white vinegar', 'Fresh coriander', 'green onion', 'Golden mantou buns']"
How to clean and cut a...,['whole mud crab or other crab(s)']
Cold Corn Soup for summer!,"['ears yellow corn', 'water', 'unsalted butter', 'garlic cloves', 'onion', 'celery stalk', 'leek', 'salt', 'cream', 'sprigs of thyme', 'bay leaf', 'black peppercorns', 'coriander seeds', 'Extra corn kernels', 'green onion']"
Fish Seasoning (great all-rounder),[]
Prawn Toast,[]
Oatmeal Raisin Cookies (Soft & Chewy),[]
Miso-Glazed Eggplant,[]
Spiral Sweet Potato Bake,"['4 -5 sweet potatoes', 'unsalted butter', 'garlic cloves', 'olive oil', 'kosher / cooking salt', 'black pepper', 'rosemary leaves, finely chopped']"
Malfatti (Italian spinach ricotta dumplings),"['olive oil', 'garlic cloves', 'onion', 'crushed tomato', 'tomato paste', 'water', 'basil stem', 'white sugar', 'salt', 'black pepper', 'baby spinach', 'salt', 'olive oil', 'garlic', 'eschallot', 'ricotta', '(lightly packed) basil leaves, finely sliced', 'egg', 'egg yolk', 'parmesan', 'flour', 'salt', 'black pepper', 'parmesan', 'Basil leaves']"
Cheesy Baked Broccoli Fritters,[]
The Best Pound Cake,[]
Mexican Meatballs,"['beef mince', 'pork mince', 'red onion', 'plain corn chips', 'egg', 'coriander/cilantro', 'parsley', 'fresh jalapeño', 'Oil spray', 'ground cumin', 'chipotle powder', 'coriander powder', 'garlic powder', 'paprika', 'salt', 'black pepper', 'olive oil', 'garlic', 'chipotle from a can of Chipotle in Adobo', 'Adobo Sauce from a can of Chipotle in Adobo', 'crushed tomato', 'sugar', 'coriander/cilantro', 'Coriander/cilantro leaves', 'Shredded cheese', 'Sour cream', 'Guacamole', 'Rice, for serving']"
"Juiciest, Easiest Roast Chicken Ever",[]
“Poor Man’s Lobster” – Monkfish with...,[]
Lemon Tart,"['sweet tart crust', 'lemon zest', 'lemon juice', 'white sugar', 'unsalted butter', 'whole eggs', 'egg yolks']"
Rosemary Garlic Lamb Cutlets,[]
Duck Confit (French slow-cooked duck),[]
Lentil Ragout – French Puy lentil...,"['olive oil', 'garlic clove', 'onion', 'carrot (large)', 'tomato paste', 'bay leaf', 'thyme sprig', 'puy lentils (French lentils)', 'vegetable stock', 'salt', 'black pepper', 'parsley']"
Warm French Goat’s Cheese Salad (Salade...,"[""ripened goat's cheese"", 'egg', 'flour', 'breadcrumbs', 'butter', 'pine nuts', 'walnuts', 'bacon', 'head of red oak or bibb lettuce (large)', 'tomato', 'chives', 'garlic', 'eschalot', 'Dijon mustard', 'balsamic vinegar', 'extra virgin olive oil', 'salt']"
Crispy Skin Fish With Bean Ragu,[]
Brioche,"['instant/rapid rise dried yeast', 'milk', 'plain/all purpose flour', 'caster/superfine sugar', 'eggs (2 1/2 eggs)', 'salt', 'unsalted butter', 'Oil spray', 'leftover egg']"
Prawn (Shrimp) Stir Fry,[]
Magic Baked Chicken Fried Rice,[]
Pakora (Indian Vegetable Fritters),"['chickpea flour', 'turmeric powder', 'cumin powder', 'coriander powder', 'fenugreek powder', 'chilli powder', 'salt', 'water', 'onions', 'potato', 'cauliflower', 'large red chillies', 'fresh ginger', 'coriander/cilantro leaves', 'vegetable or canola oil', 'mint leaves', 'coriander/cilantro leaves', 'eschalot', 'lime juice', 'caster sugar', 'cumin seeds', 'cooking/kosher salt', 'ice cubes', 'plain yoghurt', 'mint leaves', 'salt']"
Nachos Of Your Dreams,[]
Twice Baked Potatoes (Stuffed Jacket Potatoes),"[' potatoes', 'canola or vegetable oil', 'salt', 'bacon (streaky)', 'unsalted butter', 'cream', 'cheddar cheese', 'green onions', 'salt', 'pepper', 'chives', 'Sour cream']"
Chicken Kiev,"['unsalted butter', 'parsley', 'garlic cloves', 'salt', 'x 220 – 250g (7 – 8oz) chicken breast', 'salt', 'pepper', 'egg', 'flour', 'panko breadcrumbs', 'Oil for frying', 'Parsley']"
Golden Turmeric Fish (Indonesian),"['white fish fillets', 'salt', 'lime juice', 'small eschalot', 'garlic clove', 'fresh turmeric', 'ginger', 'macadamia nuts', 'salt', 'black pepper', 'kaffir lime leaf', 'piece of fresh lemongrass, white part only,', 'oil', 'water', 'oil', 'cherry tomatoes', 'large red chilli (cayenne pepper)', 'coriander/cilantro leaves', 'salt']"
Pan-Seared Salmon,[]
"Italian Almond Cookies (Gluten free biscuits,...",[]
Vietnamese Baked Chicken,[]
Eggplant Parmigiana,"['large eggplants (aubergines) – about 5', 'olive oil', 'parmesan', 'basil leaves', 'mozzarella', 'extra virgin olive oil', 'onion', 'garlic cloves', 'tomato passata', 'canned tomatoes', 'white sugar', 'fresh oregano', 'water', 'salt', 'black pepper']"
A better Chicken Piccata,[]
Black Forest Cake,"['large eggs', 'vanilla extract', 'caster sugar', 'dutch processed cocoa powder', 'plain flour', 'unsalted butter', 'pitted morello cherries in syrup (sour cherries, in jar or can)', 'kirsch or cherry liqueur', 'caster sugar', 'cornflour / cornstarch', 'thickened / heavy cream', 'vanilla', 'soft icing sugar / powdered sugar', 'dark chocolate / bittersweet chocolate', 'maraschino or fresh cherries']"
Sun-Dried Tomato Pesto Pasta Salad,[]
German Potato Salad,"['baby red potatoes or other small waxy potatoes', 'salt', 'streaky bacon', 'red onion', 'canola oil', 'apple cider vinegar', 'white sugar', 'green onions', 'fresh dill']"
German Cucumber Salad,"['English / telegraph cucumbers', 'sour cream', 'white vinegar', 'white sugar', 'fresh dill', 'salt', 'Black pepper']"
Pan-Fried Chicken Breast,[]
Crispy German Pork Knuckle (Schweinshaxe) with...,"['pork knuckle', 'white vinegar', 'garlic cloves', 'salt', 'black pepper', 'juniper berries', 'caraway seeds', 'fennel seeds', 'dark German beer', 'chicken stock / broth', 'carrot', 'onion', 'head garlic', 'juniper berries', 'bay leaves', 'cornflour/cornstarch', 'water', 'white sugar', 'salt']"
Pide – Turkish Flat Bread /...,"['rapid rise / instant yeast', 'white sugar', 'very warm water', 'bread flour', 'salt', 'olive oil', 'Turkish kasar cheese or mozzarella', 'semolina', 'Topping of choice', 'egg', 'Sprinkling finishes of choice', 'olive oil', 'onion', 'baby spinach', 'cumin', 'pepper', 'salt', 'Turkish sujuk sausage', 'olive oil', 'onion', 'garlic cloves', 'lamb mince', 'tomato paste', 'baharat spice mix', 'cumin', 'each salt and pepper', 'red capsicum / bell pepper', 'tomato', 'lemon juice', 'Turkish tulum cheese or feta', 'Dried oregano', 'Sesame seeds', 'Sumac', 'Fresh coriander/cilantro leaves', 'Extra virgin olive oil']"
Pork Tenderloin with Creamy Mustard Sauce,"['pork tenderloins', 'salt', 'pepper', 'oil', 'cream', 'Dijon mustard', 'whole grain mustard', 'tarragon', 'parsley', 'salt', 'pepper', 'water']"
Creamy Chicken & Mushroom Fettucine,[]
Tuna Steak,"['tuna', 'olive oil', 'sea salt', 'black pepper', 'olive oil', 'Sauce Vierge', 'Chervil sprigs']"
Sauce Vierge,"['extra virgin olive oil', 'fresh lemon juice', 'tomatoes', 'black olives', 'anchovy fillets', 'garlic', 'parsley', 'chives', 'tarragon leaves', 'salt', 'black pepper']"
Crispy Parmesan Tomato Rice,[]
Croque Monsieur – the ultimate ham...,[]
Ratatouille – French Vegetable Stew,[]
Drip Dog Birthday Cake – Dozer...,[]
Beef Biryani,[]
Mussels In White Wine,[]
Crème Brûlée (French vanilla custard),[]
Stir-Fry Formula,[]
Whole Baked Fish – Snapper with...,[]
Cauliflower Cheese,"['cauliflower florets', 'extra virgin olive oil', 'sea salt', 'pepper', 'unsalted butter', 'flour', 'milk', 'cream', 'cooking salt', 'nutmeg powder', 'Red Leicester cheese', 'gruyère cheese', 'Red Leicester cheese', 'gruyère cheese']"
Baked Ratatouille With Beans,[]
Pistachio Pear Tart,"['Sweet Tart Crust', 'pears', 'lemon', 'water', 'white sugar', 'vanilla extract', 'unsalted butter', 'caster sugar', 'large eggs', 'pistachios (unsalted, roasted)', 'pistachios (unsalted, roasted)', 'apricot jam']"
Sweet Tart Crust (French pastry –...,"['flour', 'soft icing sugar / powdered sugar', 'almond meal / ground almonds', 'salt', 'butter', 'large egg']"
Mushroom Soup,"['unsalted butter', 'onion', 'garlic cloves', 'white mushrooms', 'Swiss Brown/Cremini mushroom', 'vegetable stock', 'salt', 'black pepper', 'crème fraiche or cream', 'Croutons', 'Cream or extra virgin olive oil', 'Parsley', 'Bread for dunking']"
Homemade Vegetable Stock,"['water', 'medium carrots', 'onion', 'celery stem', 'garlic cloves,', 'parsley stems', 'bay leaf', 'thyme sprig', 'black peppercorns', 'coriander seeds', 'salt']"
"Simple, Very Tasty Cauliflower Cheese Steaks",[]
Galbi – Korean BBQ Marinated Beef...,[]
Slow-Roasted Crispy Pork Belly,[]
Vermouth Jus (Sauce for pork belly),[]
Apple Sauce,"['gala apples', 'caster sugar / superfine sugar', 'sherry vinegar', 'unsalted butter', 'of salt']"
Peking Shredded Beef,[]
Red Potato Salad with Bacon and...,"['red potatoes', 'salt', 'eschalot', 'ears of corn', 'green onions', 'bacon', 'cider vinegar', 'extra virgin olive oil', 'garlic', 'dijon mustard', 'white sugar', 'salt', 'black pepper']"
Thai Cashew Chicken Stir Fry,"['peanut oil', 'raw cashews', 'garlic clove', 'onion', 'chicken thighs', 'green onions', 'red cayenne pepper', 'oyster sauce', 'dark soy sauce', 'fish sauce', 'white sugar', 'water', 'Red chilli', 'Jasmine rice']"
Easter Cake!,"['Vanilla Cake', 'unsalted butter', 'soft icing sugar / powdered sugar', 'vanilla extract', 'blue gel food colouring', 'salt', 'cocoa powder', 'boiling water', 'Toothbrush', 'coconut flakes', 'small Easter eggs']"
Beetroot Cured Salmon (Gin or Vodka),"['single piece of fresh salmon', 'beetroot/beet', 'cooking salt / kosher salt', 'white sugar', 'caraway seeds', 'white peppercorn', 'coriander seeds', 'vodka', 'black peppercorns', 'juniper berries', 'coriander seeds', 'gin', 'sour cream', 'horseradish (fresh), finely grated ', 'salt', 'lemon zest', 'chopped dill', 'cucumbers', 'red or white wine vinegar', 'salt', 'dill', 'Dark rye bread', 'capers', 'oil', 'Fresh dill sprigs and lemon wedges or slices']"
Fried Cabbage With Noodles & Bacon,[]
Rosemary Garlic Marinated Rack of Lamb...,[]
Salsa Verde,"['green basil', 'parsley', 'mint leaves', 'gherkins', 'capers', 'dijon mustard', 'red wine vinegar', 'extra virgin olive oil', 'salt', 'ice cube – for loosening but keeps the mixture green.', 'anchovies', 'small garlic clove', 'Substitute the basil and mint with more parsley']"
Simple Strawberries & Cream,[]
Nutella Cheesecake (No-Bake!),[]
Fluffy Egg White Omelette (Soufflé-style),[]
Garlic Butter Salmon recipe,"['salmon fillets', 'salt', 'black pepper', 'olive oil', 'garlic (~2 cloves)', 'salted butter', 'lemon juice', 'parsley']"
Garlic Bread Pizza,[]
Spanakopita (Greek Spinach Pie),"['English spinach leaves', 'salt', 'Greek feta', 'Greek yoghurt', 'green onions / scallions', 'egg', 'mint', 'dill', 'lemon zest', 'lemon juice', 'garlic cloves', 'nutmeg', 'black pepper', 'salt', 'cayenne pepper', 'filo pastry', 'butter', 'Greek Kefalotyri cheese', 'white sesame seeds', 'black sesame seeds']"
Mushroom Gravy,"['olive oil', 'butter', 'garlic', 'mushrooms', 'salt', 'black pepper', 'butter', 'flour', 'beef stock / broth', 'black pepper', 'Salt']"
Burritos,[]
Kimchi Fried Rice,[]
Pineapple Upside Down Cake,"['canned pineapple slices in juice', 'maraschino cherries', 'unsalted butter', 'brown sugar', 'flour', 'baking powder', 'baking soda', 'salt', 'milk', 'pineapple juice', 'sour cream', 'vanilla extract', 'butter', 'white sugar', 'large eggs', 'Any leftover pineapple']"
The Kyoto – Chicken Soba Salad...,[]
Celeriac Soup,"['butter', 'garlic cloves', 'onion', 'leek (white part only)', 'celery stems', 'celeriac', 'potato', 'water', 'salt', 'white pepper', 'cream', 'bay leaf', 'thyme sprigs', 'black peppercorn', 'coriander seeds', 'Croutons', 'Olive oil', 'chives']"
Death By Chocolate Caramel Cake,[]
Beef Barbacoa – Mexican Pulled Beef,[]
Focaccia recipe (it’s incredible),[]
My Favourite Quinoa Salad,"['quinoa', 'water', 'cucumber', 'carrot', 'red cabbage', 'green onions', 'cherry tomatoes', 'shelled edamame', 'red capsicum/bell pepper', 'coriander/cilantro leaves', 'soy sauce', 'mirin', 'rice wine vinegar', 'sesame oil', 'canola, vegetable or grapeseed oil', 'Kewpie mayonnaise', 'sugar', 'ginger', 'garlic clove', 'wasabi peas', 'sesame seeds']"
Creamy Tuscan Chicken Pasta Bake,[]
Asian Glazed Baked Barramundi recipe,"['barramundi fillets', 'cornflour / cornstarch', 'water', 'soy sauce', 'honey', 'sesame oil', 'Chinese black vinegar or rice vinegar', 'mirin', 'sambal oelek', 'Chinese Five Spice', 'garlic', 'ginger', 'Sichuan pepper', 'Sesame seeds', 'Green onions', 'Large red chilli, finely sliced']"
Samosa recipe,"['flour', 'ajwain seeds', 'salt', 'ghee', 'water', 'potatoes', 'vegetable/canola oil', 'cumin seeds', 'black mustard seeds', 'coriander seeds', 'fresh ginger', 'green chilli', 'frozen green peas', 'garam masala', 'amchur', 'asafoetida', 'cumin powder', 'turmeric powder', 'salt', 'coriander/cilantro leaves', 'Vegetable/Canola oil for frying', 'Tamarind Dipping Sauce', 'vegetable/canola oil', 'ground ginger', 'chilli powder', 'ground cumin', 'asafoetida', 'garam masala', 'water', 'tamarind paste/concentrate', 'brown sugar']"
Naan recipe – chewy & fluffy!,[]
Cabbage & Carrot Thoran-style Indian Salad,[]
Palak Paneer – Indian Spinach Curry...,"['batch homemade Paneer', 'ghee or unsalted butter', 'ghee or unsalted butter', 'onions', 'fenugreek seeds (whole)', 'ground cumin', 'ground coriander', 'salt', 'black pepper', 'garlic cloves', 'ginger', 'tomatoes', 'green chilli', 'fresh spinach leaves (English spinach)', 'water', 'cream', 'lemon juice']"
How to make Paneer (fresh Indian...,"['milk', 'lemon juice']"
Carrot Cake Cupcakes,"['(1 can) crushed pineapple in juice', 'milk', 'white vinegar', 'large eggs', 'brown sugar', 'vegetable oil', 'flour', 'baking soda ', 'salt', 'cinnamon powder', 'shredded carrot', 'coconut', 'walnuts or pecans', 'cream cheese', 'unsalted butter', 'soft icing sugar / powdered sugar', 'vanilla extract', 'salt', 'walnuts or pecans']"
Pastitsio (Greek beef pasta bake),"['olive oil', 'garlic cloves', 'red onions', 'beef mince (ground beef)', 'red wine', 'canned crushed tomato', 'beef bouillon cubes', 'tomato paste', 'white sugar', 'bay leaf', 'cinnamon powder', 'cinnamon stick', 'ground cloves', 'salt', 'black pepper', 'butter', 'flour', 'milk', 'nutmeg', 'salt', 'Kefalotyri Greek cheese (sub Parmesan or Romano)', 'egg yolks', 'Pastitsio No. 2 pasta / Greek bucatini', 'feta', 'egg whites', 'Kefalotyri Greek cheese (sub parmesan or Romano)']"
Asian Chilli Chicken,"['breast fillets, skinless and boneless', 'each salt and pepper', 'rice flour, or all-purpose/plain flour', 'oil', 'sesame oil', 'garlic cloves', 'ginger', 'chilli flakes / red pepper flakes', 'water', 'sriracha', 'soy sauce', 'honey', 'lime juice', 'Green onion (finely sliced), sesame seeds, fresh chilli, lime wedges']"
Molten Chocolate Cakes – with real...,[]
Béarnaise Sauce – world’s finest steak...,[]
Peach Salad II with Poppyseed Dressing,[]
Honey-Cinnamon Pumpkin Lentil Salad,[]
Nicoise Salad (French Salad with Tuna),"['baby/chat potatoes', ' green beans', 'tomatoes', 'baby cos lettuce (romaine)', 'hard-boiled eggs', 'unpitted black olives', 'canned chunk tuna in oil', 'lemon juice', 'extra virgin olive oil', 'small garlic clove', 'salt', 'Dijon mustard', 'black pepper']"
Chicken Pasta Salad,"['macaroni / elbow pasta', 'salt', 'cooked chicken', 'bacon', 'celery stalks', 'red capsicum / bell pepper', 'green onions', 'carrots', 'shredded cheese (cheddar, tasty, Colby)', 'avocados', 'mayonnaise', 'sour cream', 'cider vinegar', 'Dijon mustard', 'sugar', 'garlic powder', 'salt', 'pepper']"
Hot Buffalo Chicken Dip,"['mayonnaise', 'sour cream', 'buttermilk', 'parsley', 'fresh dill', 'apple cider vinegar', 'lemon juice', 'worcestershire sauce', 'onion powder', 'garlic powder', 'Frank’s Red Hot sauce', 'shredded cooked chicken breast', 'cream cheese', 'colby cheese', 'cheddar cheese', 'ground black pepper', 'green onion', 'Extra green onion', 'Corn chips, crackers, crostini, vegetable sticks']"
Beef Bourguignon (Beef Burgundy),"['chuck beef', 'large carrots', 'pearl onions or small, round pickling onions', 'bay leaf', 'sprigs thyme', 'pinot noir or other red wine', 'oil', 'salt', 'pepper', 'mushrooms', 'bacon piece', 'unsalted butter', 'garlic cloves', 'tomato paste', 'flour', 'beef stock (low sodium)', 'salt', 'chopped parsley']"
Homemade Beef Stock,"['meaty beef bones', 'carrot', 'onion', 'tomatoes', 'coriander seeds', 'apple cider vinegar', 'black peppercorns', 'celery stem', 'bay leaves', 'thyme sprigs ', 'parsley sprigs', 'water']"
Acqua Pazza – Italian Poached Fish,"['snapper fillets, or other white fish,', 'salt', 'extra virgin olive oil', 'red onion', 'fennel (medium)', 'large red chilli (cayenne pepper)', 'garlic cloves', 'red cherry tomatoes', 'yellow cherry tomatoes', 'chardonnay (not too woody)', 'water', 'salt', 'basil', 'parsley', 'crusty baguette', 'salt', 'extra virgin olive oil', 'garlic clove']"
Caramel Brownies,[]
Salmon with Herb & Garlic Cream...,[]
Greek Butterflied Lamb Leg,"['butterflied (ie. boneless) lamb leg', 'dried oregano', 'large garlic cloves', 'salt', 'black pepper', 'fresh lemon juice', 'zest', 'olive oil', 'oil', 'Lemon', 'Oregano leaves', 'Flatbreads or store bought pita breads', 'Greek Salad', 'Tzatziki', 'More ideas listed in post']"
12 Minute Thai Chicken Peanut Noodles...,[]
Vegetable Tagine,"['cardamom powder', 'coriander powder', 'cumin powder', 'ground fennel seeds / fennel powder', 'cayenne', 'turmeric', 'ground cloves', 'ground ginger', 'olive oil', 'red onion', 'garlic clove', 'butternut pumpkin / squash', 'small eggplant', 'cauliflower head', 'capsicum / bell pepper', 'tomatoes', 'water', 'salt', 'black pepper', 'canned chickpeas', 'green beans', 'Zest of 1 lemon', 'lemon juice', 'slivered almonds', 'coriander / cilantro', 'Plain yogurt', 'of paprika or cayenne pepper']"
Couscous,"['couscous', 'chicken or vegetable stock', 'extra virgin olive oil', 'lemon juice', 'salt', 'coriander/cilantro', 'parsley', 'dried apricots', 'currants or sultanas', 'slivered almonds']"
Blueberry Cake with Lemon Frosting,"['flour', 'baking powder', 'salt', 'large eggs', 'sugar', 'unsalted butter', 'sour cream', 'vanilla extract', 'vegetable or canola oil', 'lemon zest', 'blueberries', 'flour', 'unsalted butter', 'cream cheese', 'soft icing sugar / powdered sugar', 'vanilla extract', 'lemon juice', 'salt', 'Extra blueberries, lemon slices, edible flowers']"
How to tell how fresh your...,[]
Baking basics: How to check your...,[]
Crispy Beer Battered Fish,"['white fish fillets', 'rice flour', 'plain/all purpose flour', 'rice flour', 'baking powder', 'salt', 'very cold beer', 'peanut oil', 'Tartare Sauce', 'Lemon Wedges', 'Homemade Crispy French fries', 'Baked Potato Wedges']"
Talk to me! Tell me what...,[]
Interview: Life of Dozer 2020,[]
What to do with leftover ham...,[]
Another dodgy Christmas Selfie….,[]
Guacamole,[]
6 Fabulous Lobster Recipes! (crayfish),[]
Potatoes au Gratin (Dauphinoise),[]
"Christmas Cake – moist, easy fruit...","['raisins', 'diced dried apricots', 'mixed peel', 'glace cherries', 'dates', 'apple juice, OR 1/3 brandy + 2/3 juice', 'unsalted butter', 'dark brown sugar', 'vegetable oil', 'molasses or golden syrup', 'salt', 'all spice', 'cinnamon', 'nutmeg', 'large eggs', 'baking powder', 'plain flour', 'walnuts', 'pouring custard', '""ready to roll"" marzipan ', '""ready to roll"" white fondant', 'Cherries dusted with icing sugar', 'Cherries or other fruit dusted with icing sugar', 'Drippy white glaze']"
Christmas Popcorn Candy,"['vegetable oil', 'popping corn', 'slivered almonds', 'butter', 'brown sugar', 'corn syrup', 'salt', 'vanilla extract', 'baking soda', 'cinnamon powder', 'ginger powder', 'allspice powder', 'ground cloves']"
Pork Roast with Crispy Crackling,[]
Pavlova Christmas Tree,"['egg whites', 'caster sugar', 'cornflour/cornstarch', 'white vinegar', 'frozen or fresh raspberries', 'caster sugar', 'thickened/heavy cream', 'vanilla extract', 'caster sugar', 'bamboo skewer – or 2 shorter skewers', 'strawberries', 'strawberries cut into 1cm dices', 'Christmas tree star topper', 'raspberries', 'small sprigs of rosemary', 'icing sugar/powdered sugar', 'More strawberries']"
Sticky Glazed Christmas Chicken,"['chicken thighs, skin on, bone in', 'chicken drumsticks', 'orange zest (2 oranges)', 'orange juice', 'cider vinegar', 'brown sugar', 'Dijon mustard', 'olive oil', 'ground cinnamon', 'allspice', 'ground ginger', 'whole star anise', 'salt', 'black pepper', 'oranges', 'good value leafy greens', 'orange zest curls']"
Yotam Ottolenghi’s Cauliflower Salad,[]
Rosemary Crumbed Rack of Lamb,"['rack of lamb (6 to 9 bones)', 'salt', 'black pepper', 'olive oil', 'egg', 'Dijon mustard', 'fresh rosemary leaves', 'small garlic clove', 'Panko breadcrumbs', 'parmesan', 'garlic clove', 'each salt and pepper', 'fresh rosemary leaves', 'butter', 'dry white wine', 'chicken stock', 'heavy/thickened cream', 'dijon mustard', 'each salt and pepper']"
Roasted Cauliflower,"['large head cauliflower', 'olive oil', 'each salt and pepper', 'garlic cloves', 'parsley', 'parmesan', 'panko breadcrumbs']"
How to cut cauliflower florets –...,['cauliflower head – any size']
Pea Puree (side / sauce!),"['frozen peas', 'butter', 'garlic cloves,', 'medium eschalots', 'chicken or vegetable stock/broth', 'salt', 'white pepper', 'small handfuls mint leaves']"
French Bistro Salad,"['big head green oak or butter/bibb lettuce', 'baby cos/romaine lettuce', 'tarragon leaves', 'chives', 'parsley leaves', 'walnuts', 'eschalots', 'red or white wine vinegar', 'white sugar', 'lemon juice', 'extra virgin olive oil', 'each salt and pepper']"
Cookbooks worth gifting (to yourself 😈),[]
Tomato Salad with Olive Tapenade (very...,"['tomatoes', 'salt', 'flat leaf parsley leaves', 'Extra olive oil', 'kalamata or other black deli olives', 'capers', 'garlic clove', 'large or 2 small anchovy fillets', 'red or white wine vinegar', 'extra virgin olive oil']"
Roasted Asparagus,"['asparagus', 'extra virgin olive oil', 'each salt and pepper', 'garlic clove', 'lemon juice', 'parmesan']"
Vietnamese Chicken Salad,"['cooked chicken', 'heaped cups wombok cabbage', 'red onion', 'red capsicum / bell pepper', 'cucumbers', 'large carrot', 'large chilli', 'mint leaves', 'coriander/cilantro leaves', 'lime juice', 'rice vinegar', 'fish sauce', 'canola oil', 'white sugar', 'large garlic clove', 'red chilli', 'peanuts, roasted unsalted']"
Gingerbread Men,"['flour', 'baking powder', 'ground ginger', 'ground cinnamon', 'mixed spice', 'ground cloves', 'unsalted butter', 'brown sugar', 'large egg', 'vanilla extract', 'molasses, light / true']"
Spring Salad!,"['asparagus', 'snow peas', 'baby gem or cos lettuce (aka romaine)', 'fresh or frozen peas', 'goats cheese', 'fresh mint leaves, ', 'lemon zest', '(30ml) lemon juice', '(90ml) extra virgin olive oil', 'each salt and pepper']"
Spicy Joint’s Creamy Sesame Sauce Lettuce...,[]
Garlic Bread Leftover Turkey Pot Pie,[]
Baby Potatoes with Butter & Herbs,"['baby potatoes / new potatoes', 'salt', 'unsalted butter', 'each salt and pepper', 'fresh dill', 'chives', 'parsley']"
RecipeTin Essential Kitchenware,[]
My Favourite Kitchen Knives,[]
Peach Salad,"['small peaches or 2 large peaches', 'loosely packed rocket/arugula', 'ball buffalo or cow’s milk mozzarella ', 'prosciutto ', 'fresh lemon juice', 'Dijon mustard', 'extra virgin olive oil', 'each salt and pepper']"
Thanksgiving 2020: Smaller but not duller!,[]
Australia’s favourite salad? Chang’s Crispy Noodle...,[]
Holiday Crostini – 8 DELICIOUS ways!,[]
Leftover Celery Salad,"['ribs celery', 'dill', 'parsley', 'caraway seeds', 'white wine vinegar', 'extra virgin olive oil', 'sugar', 'salt', 'black pepper']"
NY Times Famous Broccoli Salad –...,"['broccoli florets', 'red wine vinegar', 'salt, cooking/kosher', 'black pepper', 'extra virgin olive oil', 'garlic cloves', 'cumin seeds', 'sesame oil', 'red pepper flakes / chilli fakes']"
Beef & Lentil Soup,"['Moroccan spice mix (store-bought)', 'allspice', 'cumin powder', 'paprika', 'black pepper', 'salt', 'olive oil', 'garlic cloves', 'onion', 'beef mince (ground beef)', 'dried lentils', 'carrots', 'celery stalks', 'zucchinis', 'green beans', 'crushed canned tomato', 'beef stock', 'water', 'Yogurt', 'Coriander/cilantro leaves, or sliced green onions']"
Bitter Leaf and Orange Salad,"['bitter leaves (~8 cups, packed)', 'large oranges', 'apple cider or white wine vinegar', 'extra virgin olive oil or a nut oil', 'grated orange zest', 'Dijon mustard', 'sugar', 'poppy seeds', 'each salt and pepper']"
Pomegranate Salad & Holiday Salad Marathon!,[]
Lightly Sweet ‘n Salty CRISPY Butter...,[]
No-Stir Creamy Lemon & Herb Baked...,[]
Crispy Skin Salmon,"['salmon fillets', 'olive oil', 'salt', 'black pepper', 'olive oil', 'lemon wedges']"
Chocolate Mirror Glaze,"['chocolate cake (2 layers)', 'Dark Chocolate Ganache', 'water', 'gelatine powder', 'water', 'cream', 'cocoa powder', 'white sugar', 'Gold dust and gold leaf']"
Smooth frosting or ganache finish on...,[]
Chocolate Ganache,"['dark chocolate or semi-sweet chocolate block', 'thickened / heavy cream', 'milk chocolate block', 'thickened / heavy cream', 'white chocolate block', 'thickened / heavy cream', 'See Chocolate Truffles recipe']"
Sautéed Brussels Sprouts in Carbonara Sauce,"[' bacon', 'brussels sprouts', 'salt', 'black pepper', 'garlic cloves', 'chicken or vegetable stock / broth', 'cream', 'parmesan', 'shredded mozzarella']"
Pasta alla norma (Eggplant pasta),"['eggplant', 'extra virgin olive oil', 'each salt and pepper', 'extra virgin olive oil', 'garlic cloves', 'small onion', 'dry white wine', 'tomato passata', 'water', 'dried Italian herbs', 'red pepper flakes', 'each salt and pepper', 'spaghetti or other pasta, long or short ', 'basil leaves', 'Parmesan cheese']"
Char Siu Pork (Chinese BBQ Pork),[]
Fondant Sweet Potatoes (slow roasted),[]
Chicken Breast in Creamy Mushroom Sauce,"['chicken breasts, large', 'salt', 'black pepper', 'flour', 'unsalted butter', 'unsalted butter', 'mushrooms', 'garlic cloves', 'dry white wine', 'chicken or vegetable stock', 'thickened / heavy cream', 'parmesan', 'chives']"
Cheese & bacon strata cake –...,[]
Roasted Pumpkin with Yogurt Sauce and...,"['pumpkin', 'extra virgin olive oil', 'garlic clove', 'each salt and pepper', 'Greek yogurt', 'small garlic clove', 'lemon juice', 'extra virgin olive oil', 'each salt and pepper', 'pine nuts', 'fresh coriander/cilantro leaves', 'sumac']"
General Tso’s Chicken,"['soy sauce - light or all-purpose', 'hoisin sauce', 'rice vinegar', 'chilli paste', 'sesame oil', 'brown sugar', 'cornflour/cornstarch', 'chicken stock/broth', 'chicken thighs', 'ginger', 'garlic', 'cornflour/cornstarch', 'oil, for frying', 'oil', 'ginger', 'garlic', 'red chilli flakes', 'Finely sliced green onion', 'Sesame seeds']"
Whole Orange Cake – rind and...,[]
Potato Rosti,"['potatoes (skin on weight)', 'salt', 'finely ground black pepper', 'clarified butter / ghee or normal butter', 'clarified butter / ghee']"
How to make Ghee and Clarified...,['unsalted butter']
Goan Fish Curry (Indian),"['Kashmiri chilli powder', 'coriander', 'cumin', 'turmeric', 'fenugreek powder', 'ground cloves', 'garlic', 'fresh ginger', 'tamarind puree', 'red onion', 'water', 'vegetable oil', 'black mustard seeds', 'red onion', 'tomato paste', 'canned tomato pulp/polp', 'water', 'coconut milk', 'salt', 'sugar', 'chilli powder', 'long green chillies', 'tomato', 'firm-fleshed white fish', 'fresh coriander/cilantro leaves', 'Finely sliced green chillies', 'Basmati rice']"
Eggs Benedict,"['egg yolks\xa0', 'cayenne pepper', 'salt', '\xa0lemon juice', 'water', 'unsalted butter', 'large eggs', 'slices bacon', 'shaved or sliced ham', 'smoked salmon slices', 'English Muffins, split', 'each Chives and parlsey']"
Poached Eggs,"['eggs', 'white vinegar or cider vinegar - Whirlpool method only']"
"Hollandaise Sauce (Quick, easy, foolproof)",[]
Chinese Rice Soup – quick and...,[]
Creamy Garlic Prawns (Shrimp),"['peeled prawns/shrimp', 'garlic cloves', 'olive oil', 'black pepper', 'salt', 'unsalted butter', 'garlic clove', 'unsalted butter', 'dry white wine', 'chicken or vegetable stock/broth', 'heavy/thickened cream', 'parmesan', 'parsley']"
White Bean Tabbouleh Salad,"['white beans (like cannellini, navy/haricot, butter beans)', 'tomatoes', 'cucumbers', 'red onion', 'parsley', 'mint', 'lemon juice', 'extra virgin olive oil', 'garlic clove', 'Dijon mustard', 'salt', 'black pepper']"
Bread and Butter Pudding,"['heaped cups white bread, preferably slightly stale, cut into 2.5 cm / 1"" cubes ', 'sultanas or raisins (or more!)', 'eggs', 'milk', 'heavy / thickened cream ', 'unsalted butter, melted and cooled', 'white sugar', 'cinnamon powder', 'vanilla extract', 'unsalted butter, melted - for top pre baking', 'unsalted butter, melted - for brushing post baking', 'Icing sugar / powdered sugar, for dusting', 'Ice cream, cream, custard, chocolate sauce, caramel sauce, etc']"
Ceviche,"['kingfish, tuna, sea bass or other sashimi-grade fish suitable for raw eating', 'red onion', 'fresh jalapeño', 'cherry tomatoes', 'black pepper', 'lime juice', 'salt', 'avocado', 'coriander/cilantro leaves', 'extra virgin olive oil']"
One Pot Pasta Bolognese,"['olive oil', 'garlic cloves', 'onion', 'beef mince (ground beef)', 'tomato passata (tomato puree)', 'beef broth', 'Italian mixed herbs', 'chilli flakes (red pepper flakes)', 'Worcestershire Sauce', 'tomato paste', 'each salt and pepper', 'spaghetti', 'Parmesan']"
Chicken Satay Curry (Malaysian),[]
Mediterranean Brown Rice Salad,[]
How to Cook Brown Rice,"['brown rice – medium grain, long grain or basmati', 'water', 'short grain brown rice', 'BOILING water', 'Quick cooking rice (ie par boiled)', 'Brown jasmine']"
Vanilla Cupcakes (that actually stay moist),[]
"My Secret, Less-Sweet Fluffy Vanilla Frosting",[]
Chicken Parmigiana,"['chicken breasts (300g/10z each)', 'salt', 'black pepper', 'Italian mixed herbs', 'flour', 'eggs', 'garlic clove', 'each salt and pepper', 'Italian mixed herbs', 'panko breadcrumbs', 'parmesan', 'salt', 'black pepper', 'olive oil', 'olive oil', 'garlic cloves', 'onion or eschallots', 'red pepper flakes ', 'Italian mixed herbs', 'white wine', 'tomato passata', 'chicken stock/broth', 'each salt and pepper', 'basil leaves', 'mozzarella cheese', 'parmesan', 'extra virgin olive oil', 'basil leaves']"
Crustless Quiche – Ham and Cheese,"['large eggs', 'cream', 'salt', 'black pepper', 'ham', 'shredded cheese', 'green onion']"
Beef Ribs in BBQ Sauce –...,[]
Mushroom Pasta,"['short pasta like orecchiette, penne, macaroni', ' long pasta - spaghetti, fettucine', 'mushrooms', 'unsalted butter', 'olive oil', 'garlic cloves', 'each salt and pepper', 'freshly grated parmesan cheese', 'Parsley', 'Parmesan cheese']"
Green Beans in Creamy Parmesan Sauce...,"[' bacon', 'garlic cloves', 'green beans', 'chicken or vegetable stock / broth', 'cream', 'parmesan', 'Black pepper']"
Mongolian Lamb,"['lamb meat (backstrap/fillet, mid loin chops,  shoulder - or any cut in Note 1)', 'baking soda', 'cornflour / cornstarch', 'light soy sauce', 'Chinese cooking wine', 'cornflour / cornstarch', 'dark soy sauce', 'light soy sauce', 'Sambal Oelak or other chilli paste', 'hoisin sauce', 'Chinese cooking wine', 'Chinese five spice powder', 'water', 'sesame oil', 'vegetable oil', 'large onion', 'garlic', 'green onions']"
My very best Vanilla Cake –...,"['plain / all purpose flour', 'baking powder', 'cooking salt', 'large eggs', 'caster / superfine sugar', 'unsalted butter', 'milk', 'vanilla extract', 'vegetable or canola oil', 'unsalted butter', 'soft icing sugar / powdered sugar', 'vanilla extract', 'milk']"
Chargrill Charlie’s Green Bean Avocado Salad...,[]
Creamy Avocado Salad Dressing,"['ripe avocado', 'extra virgin olive oil', 'sour cream or yogurt', 'lemon juice', 'garlic clove, small', 'water', 'salt', 'black pepper', 'See Note 3']"
Chicken Tetrazzini – creamy Italian pasta...,[]
Honey Chicken – STAYS CRISPY for...,[]
Swiss Mushroom Burgers (quick & easy),[]
Vegetable Samosa Pie,"['potato', 'vegetable oil', 'black mustard seeds', 'cumin seeds', 'fennel seeds', 'curry leaves', 'garlic', 'ginger', 'onion', 'turmeric powder', 'curry powder', 'chilli powder', 'tomato paste', 'tomato *', 'zucchini *', 'carrot *', 'cauliflower *', 'black pepper', 'salt', 'water', 'frozen green peas *', 'sheets puff pastry', 'egg', 'Plain yogurt', 'Coriander/cilantro leaves']"
Sweet and Sour Pork – best...,[]
Prawn Tacos (Shrimp),"['medium prawns/shrimp', 'Zest of 1 lime', 'lime juice', 'chipotle powder', 'coriander/cilantro', 'garlic cloves', 'olive oil', 'each salt and pepper', 'green cabbage', 'onion', 'plain yogurt', 'coriander/cilantro', 'lime juice', 'extra virgin olive oil', 'each salt and pepper', 'sour cream', 'sriracha', 'olive oil', 'small tortillas', 'Lime wedges', 'Coriander/cilantro']"
Eggplant Curry – South Indian Brinjal...,[]
Blueberry Cheesecake,"[""Arnott's Marie crackers or other plain biscuit (Aus) or 28 Graham Cracker squares"", 'unsalted butter', 'cream cheese', 'flour', 'vanilla extract', 'sour cream', 'caster sugar (superfine sugar)', 'Zest of 1 lemon', 'eggs', 'blueberries', 'blueberries', 'lemon juice', 'white sugar', 'vanilla extract', 'cornflour/cornstarch', 'water']"
Our Best NO MAYO Coleslaw,[]
Roasted Broccolini with Tahini Sauce (Ottolenghi...,"['broccolini', 'extra virgin olive oil', 'each salt and pepper', 'garlic clove', 'tahini', 'water', 'honey', 'lemon juice', 'garlic clove', 'each salt and pepper', 'flaked almonds, pine nuts or pistachios']"
Pasta with Creamy Zucchini Sauce,"['unsalted butter', 'garlic cloves', 'onion', 'zucchini', 'EACH salt and pepper', 'thickened/heavy cream', 'chicken or vegetable stock/broth', 'parmesan', 'corn', 'spaghetti, fettucini or other long strand pasta', 'Parmesan', 'Extra finishing options: Handful of fresh basil (stir in at end), sprinkle of bacon or pangrattato']"
Tomato Paste replacement for canned tomato,"['tomato paste', 'flour', 'water', 'sugar']"
Lockdown Cooking Q&A – Ask Me...,[]
Strawberry Cake – really easy cake...,[]
Spinach and Ricotta Rotolo (Italian Lasagna...,[]
Chicken Broccoli Stir Fry (extra saucy!),[]
Doner Kebab Meat – beef or...,[]
Quick & Easy Baked Zucchini,[]
Great Roasted Carrots,"['/ 2 lb carrots', 'olive oil', 'salt', 'black pepper', 'garlic cloves', 'See Note 3', 'Fresh parsley']"
Broccoli and Potato Soup,"['unsalted butter', 'small onion', 'garlic cloves', 'flour', 'milk', 'chicken broth/stock', 'water', 'salt', 'black pepper', 'potato', 'broccoli, small florets', 'grated cheese', 'Cook bacon pieces', 'Shallots/scallions', 'Grated cheese']"
"Asian Slaw – healthy, crunchy Asian...",[]
Crumpet recipe,"['white flour', 'warm water', 'salt', 'white sugar', 'baking powder', 'yeast', 'warm water', 'unsalted butter']"
Lentil and Roasted Eggplant Salad,[]
Oven Roasted Eggplant (aubergine),[]
Gravy Baked Chicken (thighs & drumsticks)...,[]
Spanish Paella,"['olive oil', 'chorizo (2 pieces)', 'squid (calamari)', 'onion', 'garlic cloves', 'red capsicum / bell pepper', 'paella rice', 'juicy ripe tomatoes, peeled and diced', 'chicken thigh fillets', 'chicken broth/stock (not low sodium)', 'saffron threads', 'frozen peas', 'medium / large prawns', 'large mussels', 'Fresh parsley', 'Lemons']"
Scrambled Eggs,"['eggs', 'milk', 'salt', 'grinds black pepper', 'butter', 'bread']"
Garlic Butter Roasted Mushrooms,"['mushrooms', 'unsalted butter', 'olive oil', 'garlic cloves', 'each salt and pepper', 'lemon juice', 'fresh thyme leaves']"
Minestrone Soup,"['olive oil', 'bacon', 'onion', 'garlic cloves', 'crushed tomato', 'chicken stock/broth', 'water', 'tomato paste', 'Worcestershire sauce', 'canned kidney beans', 'EACH salt and pepper', 'small pasta', 'parmesan', 'celery rib*', 'large carrot*', 'zucchini*', 'potato*', 'green beans*', 'baby spinach', 'More parmesan', 'Chopped parsley', 'Crusty bread for dunking!']"
Huli Huli Chicken (Hawaiian Tropical Chicken),[]
Crunchy Baked Shrimp in Garlic Butter...,[]
My Asian market shopping list,[]
"Soy Sauce – different types, when...",[]
Incredible BBQ Grilled Vegetables – marinated!,[]
Lamb Chops with Rosemary Gravy (loin...,[]
Famous Byron Bay Chocolate Chip Cookies...,"['unsalted butter', 'brown sugar', 'white sugar', 'salt', 'egg yolks', 'vanilla extract/essence', 'baking powder', 'rice flour', 'flour', 'dark or semi-sweet chocolate block']"
Pineapple Fried Rice (Thai),"['vegetable oil', 'garlic cloves', 'onion', 'red capsicum / bell peppers', 'peas', 'day old jasmine rice', 'pineapple pieces', 'green onion', 'oyster sauce', 'fish sauce', 'sugar', 'oyster sauce', 'soy sauce', 'soy sauce', 'Thai Seasoning (Gold Mountain)']"
Jasmine Rice,[]
Honey Soy Chicken Marinade (for boneless...,[]
Heavenly Creamy Cinnamon Rice Pudding,[]
Homemade Baked Beans with Bacon (Southern...,[]
Sticky Grilled Chicken,"['chicken thighs', 'ketchup', 'brown sugar', 'soy sauce', 'apple cider vinegar', 'olive oil', 'Worcestershire Sauce', 'garlic cloves']"
Gado Gado (Indonesian salad with peanut...,"['natural peanut butter, smooth or crunchy (your choice) (Note 1)', 'red curry paste', 'Kecap Manis', 'sambal oelak or other chilli paste', 'salt', 'large garlic clove', 'lime juice', 'coconut milk', 'water', 'bunch spinach', 'beansprouts', 'potato', 'cucumber', 'boiled eggs', 'prawn crackers', 'vegetable or peanut oil', 'tempeh', 'finely chopped peanuts', 'Red chilli']"
Lamb Shanks Massaman Curry,[]
"Big, Quick Chicken Salad","['store bought roast chicken', 'cos / romaine lettuce (2 medium, 1 giant)', 'corn kernels', 'red onion', 'cherry or grape tomatoes', 'cucumbers', 'avocados', 'bacon', 'cider vinegar', 'extra virgin olive oil', 'garlic clove', 'Dijon Mustard', 'dried mixed herbs', 'sugar', 'salt', 'black pepper']"
Churros Recipe,[]
Greek Marinated Chickpea Salad,[]
Orecchiette Sausage Pasta in creamy tomato...,"['orecchiette pasta', 'olive oil', 'garlic cloves', 'Italian pork sausages', 'white wine', 'tomato passata', 'cream', 'milk', 'parmesan', 'Italian herbs', 'red pepper flakes', 'each salt and pepper', 'kale leaves', 'Parmesan']"
Beef Steak Marinade,"['steaks', 'Dijon mustard', 'minced garlic', 'onion powder', 'soy sauce', 'oil', 'Worcestershire sauce', 'balsamic vinegar', 'Black pepper']"
An excellent NO YEAST Pizza Dough...,[]
Chinese Noodle Soup,"['chicken stock/broth, low sodium', 'garlic cloves', 'ginger piece, ', 'light soy sauce', 'sugar', 'chinese cooking wine', 'sesame oil', 'fresh egg noodles', 'large bok choy or other vegetables of choice', 'shredded cooked chicken', 'scallion / shallot']"
Very Crispy Corn Fritters,[]
Greek Chicken Gyros recipe,[]
Meatloaf recipe (extra delicious!),[]
Creamy Cucumber Salad with Lemon Yogurt...,[]
Cinnamon Apple Teacake,"['Granny Smith apples, peeled and cored (or any other - red, green, golden)', 'cinnamon powder', 'unsalted butter', 'white sugar', 'flour', 'baking powder', 'salt', 'unsalted butter', 'oil', 'large eggs', 'white sugar', 'vanilla extract', 'apricot jam', 'water']"
Cottage Pie,"['olive oil', 'garlic cloves', 'onion', 'carrot', 'celery', 'beef mince (ground beef)', 'flour', 'tomato paste', 'beef stock / broth', 'red wine (or water)', 'beef bouillon cube', 'Worcestershire sauce', 'dried thyme', 'dried bay leaves', 'salt', 'black pepper', 'potatoes', 'milk', 'butter', 'butter', 'parmesan, grated']"
Caesar Salad,"['wonton wrappers', 'cos/romaine lettuce', 'cooked chicken', 'bacon rashers', 'bread', 'parmesan cheese', 'fresh parsley', 'Salt', 'Olive oil spray', 'garlic clove', 'anchovy fillets', 'fresh lemon juice', 'Dijon mustard', 'Worcestershire sauce', 'mayonnaise', 'freshly grated parmesan cheese', 'Milk', 'salt', 'Black pepper']"
"Oven Baked BBQ Chicken – easy,...",[]
Vietnamese Chicken Pho soup (Pho Ga),"['oil', 'onions', 'piece of ginger', 'water', 'chicken thighs, bone in skin on ', 'small bunch coriander/cilantro', 'star anise pods', 'cinnamon stick', 'cloves', 'fennel seeds', 'coriander seeds', 'fish sauce', 'white sugar', 'salt', 'dried rice noodles', 'green onions stems', 'bean sprouts', 'EACH Thai Basil, min, coriander/cilantro', 'limes', 'Hoisin sauce', 'Sriracha', 'Red chillies']"
Swedish Meatballs (homemade Ikea Meatballs),[]
Heinz Baked Beans recipe – copycat!,[]
10 Mother’s Day breakfasts you can’t...,[]
Sandwich Bread WITHOUT yeast,"['flour', 'baking powder', 'white sugar', 'cooking / kosher salt', 'milk', 'oil']"
Pizza Dough recipe – best ever...,[]
Pizza toppings,"['pizza base', 'pizza sauce', 'mozzarella cheese', 'pepperoni', 'mozzarella cheese', 'onion', 'bacon', 'capsicum', 'pepperoni', 'beef mince (ground beef)', 'button mushrooms', 'black olives', 'mozzarella cheese', 'ham', 'pineapple', 'barbecue sauce (instead of pizza sauce)', 'mozzarella cheese', 'pepperoni', 'bacon', 'cabanossi', 'beef mince (ground beef)', 'ham', 'mozzarella cheese', 'medium raw prawns/shrimp', 'butter', 'salt', 'garlic', 'capsicum', 'onion', 'long red chillis', 'baby rocket', 'mozzarella cheese', 'pork sausage', 'kale', 'olive oil', 'fresh buffalo mozzarella', 'extra virgin olive oil', 'basil leaves', 'Capricciosa recipe', 'mozzarella cheese', 'sliced provolone cheese', 'blue cheese', 'parmesan cheese', 'mozzarella cheese', 'olive oil', 'prosciutto', 'baby rocket', 'Cheese and garlic pizza', 'mozzarella cheese', 'potato (waxy variety)', 'fresh rosemary leaves', 'salt', 'extra virgin olive oil']"
Pizza Sauce recipe (3 versions),[]
Vietnamese Rice Paper Rolls,"['sheets of 22cm/8.5″ round rice paper (Note 1)', 'small cooked prawns/shrimp (about 12cm/5″ in length, unpeeled including the head)', 'dried vermicelli noodles', 'lettuce leaves – use a lettuce with soft leaves, like Oak or Butter Lettuce (Note 2)', 'mint leaves', 'bean sprouts', 'peanut butter, preferably smooth ', 'Hoisin Sauce', 'white vinegar (or lime juice)', 'milk', 'garlic clove, minced', 'crushed chilli, samba oelak or other chilli paste, adjust to taste (optional)']"
Pupcakes! (Dog cupcakes with “frosting”),[]
Oven Baked Chicken and Rice,"['bone in chicken thigh fillets, peel skin OFF ', 'onion', 'garlic (large)', 'butter', 'uncooked white rice', 'chicken broth/stock', 'water', 'paprika powder', 'dried thyme', 'garlic powder', 'onion powder', 'salt', 'Black pepper', 'Oil spray', 'Fresh thyme leaves or finely chopped parsley']"
Introducing…Eat Out (But In),[]
Anzac Biscuits,"['plain flour', 'rolled oats', 'desiccated coconut', 'white sugar', 'unsalted butter', 'golden syrup', 'baking soda']"
Creamy Tomato Bean Soup,"['butter', 'onion', 'garlic cloves', 'carrot', 'Italian herb mix OR other dried herbs', 'tomato paste (Note 1)', 'dry white wine', 'stock/broth, chicken or veg', 'cannellini or any white beans, drained & rinsed', 'parmesan', 'EACH salt and pepper', 'baby spinach', 'cream, heavy/thickened']"
Pumpkin Soup,[]
Slow Roast Leg of Lamb,"['leg of lamb , bone in (or shoulder) (Note 1)', 'Salt and pepper', 'olive oil', 'whole garlic head', 'onion', 'rosemary sprigs', 'beef stock/broth', 'water', 'flour', 'water', 'Salt and pepper']"
Shout a Meal for frontline healthcare...,[]
Shout a Meal – FAQ,[]
"CHEFS, Restaurants and Caterers – WE...",[]
Coronavirus 14 Day Meal Plan 2...,[]
Everyday Salad Dressing,[]
Lentil Curry – mega flavour lentil...,"['butter', 'garlic cloves', 'ginger', 'onion', 'curry powder', 'tumeric powder', 'cayenne pepper', 'salt', 'black pepper', 'dried lentils', 'coconut milk', 'canned tomato', 'water', 'coriander/cilantro', 'Yogurt', 'Basmati rice']"
"Buttery Seasoned Rice – super economical,...",[]
Creamy Pasta Bake “formula” – make...,[]
World’s Easiest Yeast Bread recipe –...,[]
Lentil Soup (seriously amazing!),[]
Coronavirus Menu Plan 1 – Family...,[]
"Easy Chocolate Brownies – best ever,...",[]
Rice Recipes – Outrageously delicious Rice...,[]
Coronavirus: How to sanitise food,[]
My GOLD TIPS: What food to...,[]
Irish Beef and Guinness Stew,"['olive oil', 'beef chuck', 'each salt and black pepper', 'garlic cloves', 'onions', 'bacon', 'flour', 'Guinness Beer', 'tomato paste', 'chicken stock/broth', 'carrots', 'large celery stalks', 'bay leaves', 'sprigs thyme']"
World’s best No Yeast Bread –...,[]
Garlic Prawns (Shrimp),"['prawns (shrimp)', 'cooking/koshfer salt', 'black pepper', 'extra virgin olive oil', 'finely minced garlic cloves (~ 4 cloves)', 'unsalted butter', 'chardonnay or other dry white wine', 'lemon juice', 'parsley, finely chopped', 'Lemon wedges', 'Bread for mopping!']"
Leek and Potato Soup,"['butter', 'garlic cloves', 'leeks', 'potatoes (Sebago/Russet/Maris Piper)', 'chicken or vegetable stock', 'cream', 'salt', 'black pepper', 'thick slices bread', 'melted butter, or olive oil spray', 'Salt', 'Chives', 'Extra cream']"
Chop Suey (Chicken Stir Fry),[]
Chicken Enchiladas,"['tortillas', 'EACH onion powder, garlic powder, salt', 'EACH dried cumin powder, paprika, dried oregano', 'black pepper', 'cayenne pepper', 'olive oil', 'flour', 'chicken stock/broth', 'tomato passata or US puree', 'chicken breast', 'olive oil', 'onion', 'garlic cloves', 'red capsicum/bell pepper', 'refried beans', 'canned corn', 'water', 'cheese', 'cheese', 'coriander/cilantro']"
Vegetable Beef Soup (Fall apart beef!),[]
Baked Ziti,"['ziti or penne pasta', 'olive oil', 'garlic cloves', 'small onion', 'ground beef or pork', 'tomato passata', 'water', 'EACH dried basil, oregano, sugar', 'ricotta', 'grated mozzarella cheese', 'parmesan', 'Finely chopped parsley or basil', 'fennel seeds', 'paprika', 'cayenne pepper OR 3/4 tsp chilli flakes', 'onion powder', 'EACH salt and black pepper']"
Caramel Slice,"['flour,', 'brown sugar', 'desiccated coconut', 'unsalted butter', 'unsalted butter', 'brown sugar', 'vanilla extract', 'sweetened condensed milk', 'dark or milk melting chocolate ', 'vegetable oil']"
Chipotle Lime Roasted Cauliflower,"['large head cauliflower', 'garlic cloves', 'extra virgin olive oil', 'chipotle powder', 'salt', 'black pepper', 'lime juice', 'coriander/cilantro leaves']"
Creamy Buttery Mashed Potato,[]
Cherry Tomato Salad with Basil,[]
How to cook Basmati Rice,"['uncooked basmati rice', 'water']"
Mediterranean Baked Chicken Dinner,"['bone in, skin on chicken thighs and drumsticks', 'lemon juice', 'garlic', 'Dijon mustard', 'honey or 1 tbsp sugar', 'dried oregano', 'paprika', 'olive oil', 'EACH salt and pepper', 'smallish potatoes (7.5cm/3"" wide)', 'red onions', 'chicken broth/stock', 'cherry tomatoes', 'EACH salt and pepper', 'Olive oil (or oil spray)', 'Fresh oregano']"
Rogan Josh,"['ghee', 'cinnamon stick', 'green cardamom pods', 'cloves', 'large onion', 'garlic', 'ginger', 'tomato passata', 'salt', 'boneless lamb shoulder', 'chicken stock', 'paprika', 'chilli powder', 'ground coriander', 'ground cumin', 'turmeric powder', 'nutmeg', 'garam marsala', 'fennel powder', 'extra garam masala', 'extra fennel powder', 'plain yoghurt', 'Chopped coriander leaves, finely shredded ginger, yogurt', 'Basmati rice']"
Mie Goreng (Mee Goreng – Indonesian...,[]
Chicken Burrito,"['tortillas', 'each onion powder, dried oregano, salt', 'each dried cumin powder, paprika', 'black pepper', 'cayenne pepper', 'chicken breast', 'olive oil', 'onion', 'garlic cloves', 'red capsicum/bell pepper', 'refried beans', 'water', 'white rice', 'Mexican Red Rice', 'canned corn', 'cheese', 'coriander/cilantro', 'Avocado sauce', 'Sour cream', 'Salsa']"
Carrot Cake,"['can crushed pineapple', 'reserved canned pineapple juice', 'milk', 'white vinegar', 'eggs', 'brown sugar', 'vegetable oil', 'flour', 'baking soda ', 'salt', 'cinnamon powder', 'grated carrot', 'coconut', 'walnuts or pecans', 'cream cheese', 'unsalted butter', 'vanilla extract', 'icing sugar / powdered sugar']"
Cowboy Bean Salad with Lime Dressing,[]
Slow Cooker Beef Stroganoff Stew,[]
Momofuku Bossam – Korean Slow Cooked...,"['pork butt / shoulder', 'white sugar', 'kosher or cooking salt (NOT table salt)', 'kosher or cooking salt (NOT table salt)', 'brown sugar', 'scallions', 'fresh ginger', 'canola oil', 'light soy sauce', 'sherry vinegar', 'kosher or cooking salt ', 'ssamjang', 'gochujang', 'sherry vinegar', 'canola oil', 'water', 'white sugar', 'heads butter/bib lettuce', 'cooked white rice', 'kimchi', '+ oysters']"
KFC Potato and Gravy recipe,"['homemade KFC Gravy', 'Sebago (Aus dirt brushed), Russet (US), Maris Piper (UK)', 'salt', 'unsalted butter, cubed', 'cream (heavy / thickened)', 'milk, full fat', 'Freshly ground black pepper', 'Salt to taste']"
"Gravy recipe – easy, from scratch,...",[]
Brazilian Coconut Chickpea Curry,[]
Honey Garlic Chicken Breast,"['chicken breast', 'Salt and pepper', 'flour', 'unsalted butter', 'garlic cloves', 'apple cider vinegar', 'soy sauce', 'honey']"
Siu Mai (Shumai) – Chinese steamed...,[]
How to make perforated paper liner...,[]
Chinese Broccoli with Oyster Sauce (Gai...,[]
Pea and Ham Soup,"['dried split peas', 'ham hock (aka ham bone), bacon hock or MEATY leftover ham bone', 'salt', 'black pepper', 'garlic cloves', 'bay leaves', 'onion', 'carrot', 'celery sticks', ' water', 'Parsley', 'Crusty bread for dunking!']"
Dan Dan Noodles (Spicy Sichuan noodles),"['Chinese sesame paste', 'Chinese chilli paste in oil', 'light soy sauce', 'garlic cloves', 'white sugar', 'Chinese five spice powder', 'Sichuan pepper powder', '(or more!) chilli oil', 'chicken broth/stock', 'Hoisin sauce', 'dark soy sauce', 'Chinese cooking wine', 'Chinese five spice powder', 'vegetable oil', 'pork mince', 'vegetable oil', 'Sui Mi Ya Cai (preserved mustard greens)', 'white fresh noodles', 'choy sum stems', 'green onions', 'peanuts']"
Fried Chicken,"['bone in, skin on small thighs (< 200g/7oz), drumsticks, whole wings, breast (< 200g/7oz)', 'buttermilk', 'salt', 'egg', 'flour', 'corn flour / cornstarch', 'salt', 'celery salt', 'black pepper', 'sweet paprika', 'cayenne pepper', 'onion powder', 'garlic powder', 'mustard powder', 'ginger powder', 'dried thyme', 'dried oregano', 'vegetable oil']"
Creamy HEALTHY Soup – just 45...,[]
Fish Fingers recipe,"['white fish fillets', 'Oil spray', 'panko breadcrumbs', 'parmesan', 'paprika', 'salt and pepper', 'egg', 'mayonnaise', 'flour', 'salt and pepper', 'Tartare sauce or other seafood dipping sauce', 'Lemon wedges', 'Finely chopped chives or parsley']"
"Poached Chicken – Juicy, guaranteed!",[]
Thai Lettuce Wraps (Larb Gai),[]
Lamingtons,[]
Vegetable Stir Fry,"['vegetable oil', 'garlic cloves', 'ginger', 'onion', 'carrot', 'medium buk choy', 'mushrooms', 'capsicum', 'cornflour / corn starch', 'soy sauce', 'Oyster Sauce', 'Chinese Cooking Wine or Mirin', 'sesame oil', 'Dash of white pepper', 'water', 'Finely sliced green onions', 'Sesame seeds']"
Vietnamese Pho recipe,"['large onions', 'ginger', 'star anise', 'cinnamon quills', 'cardamon pods', 'cloves', 'coriander seeds', 'beef brisket', 'meaty beef bones', 'marrow bones', 'water', 'white sugar', 'salt', 'fish sauce', 'dried rice sticks', 'beef tenderloin, raw, very thinly sliced', 'brisket slices', 'Beansprouts, handful', 'Thai basil, 3 - 5 sprigs', 'Coriander/cilantro, 3 - 5 sprigs', 'Lime wedges*', 'Finely sliced red chilli*', 'Hoisin sauce*', 'Sriracha*']"
Cucumber Salad with Herb Garlic Vinaigrette,"['cucumbers', 'red onion', 'red wine vinegar', 'extra virgin olive oil', 'garlic clove', 'Dijon mustard', 'mixed dried herbs', 'white sugar', 'salt and black pepper']"
Pot Roast,[]
Mushroom Risotto,"['mushrooms', 'mushrooms', 'butter', 'olive oil', 'garlic cloves', 'salt and pepper', 'butter', 'garlic clove', 'eschallots / French onions', 'dry white wine', 'arborio rice', 'chicken broth/stock', 'cream', 'butter', 'parmesan cheese', 'salt and pepper', 'Finely chopped parsley or chives', 'Parmesan']"
Cucumber Canapés with Smoked Salmon Mousse,"['smoked salmon', 'Cream Cheese', 'sour cream', 'mayonnaise', 'fresh dill', 'garlic clove', 'lemon zest', 'lemon juice', 'salt and pepper', 'long cucumbers (Telegraph / English)', 'Extra dill sprigs', 'Lemon slices']"
Truly Crispy Oven Baked Chicken Tenders,[]
Fish Tacos,[]
Pad Thai,[]
Fennel Salad,"['medium fennel', 'red onion', 'lemon juice', 'extra virgin olive oil', 'salt', 'pepper', 'parmesan cheese']"
Brazilian Fish Stew (Moqueca Baiana),"['firm white fish fillet', 'lime juice', 'salt', 'Black pepper', 'olive oil', 'olive oil or coconut oil', 'garlic cloves', 'small onion', 'red capsicum / bell pepper', 'sugar', 'cumin powder', 'paprika', 'cayenne pepper', 'salt', 'coconut milk', 'canned crushed tomatoes', 'fish broth/stock', 'lime juice', 'roughly chopped fresh cilantro / coriander']"
Slow Cooker Mexican Chicken Soup,"['olive oil', 'onion', 'red capsicum/bell pepper', 'garlic', 'chicken broth/stock', 'canned black beans, drained', 'canned corn, drained', 'crushed canned tomato', 'chicken breast', 'dried oregano', 'cumin powder', 'paprika powder', 'each onion powder and garlic powder', 'cayenne pepper', 'each salt + black pepper', 'Shredded cheese', 'Sour cream or yogurt', 'Coriander/cilantro', 'Lime wedges', 'Avocado, diced', 'Corn chips or tortillas']"
Cauliflower Fried Rice,"['oil', 'garlic cloves', 'onion', 'ham or bacon', 'frozen diced peas, carrots, corn', 'cauliflower rice, raw', 'eggs', 'green onions', 'Mirin (or Chinese Cooking Wine)', 'Oyster Sauce', 'soy sauce', 'sesame oil']"
Filipino Chicken Adobo (Flavour Kapow!),"['chicken thigh fillets', 'garlic cloves', 'soy sauce', 'white vinegar', 'bay leaves (fresh) or 3 dried', 'oil', 'garlic cloves', 'small brown onion', 'water', 'brown sugar', 'whole black pepper', 'green onions/scallions']"
Cauliflower Rice,['head cauliflower']
Icing for Biscuits (Royal Icing),[]
Celebration Fruit Punch,"['cranberry juice or cranberry pomegranate juice', 'ginger ale', 'sparkling apple juice', 'white rum (Bacardi)', 'orange', 'lemon', 'strawberries', 'mint leaves', 'raspberries', 'Ice']"
Celebration Salmon Salad,"['hot smoked salmon', 'small red onion', 'apple cider vinegar', 'salt', 'white sugar', 'Greek yoghurt', 'extra virgin olive oil', 'garlic clove', 'fresh chives, finely chopped', 'fresh dill, finely chopped', 'EACH onion powder, garlic powder, salt, black pepper', 'white sugar', 'lemon juice', 'kale', 'extra virgin olive oil', 'of salt', 'fruit - nectarines, peaches, grapefruit or blood oranges', 'cos lettuce / romaine', 'small fennel', ' snow pea sprouts', 'parmesan']"
CRISPY Herb Baked Chicken with Gravy...,[]
How to make Glazed Ham –...,"['leg ham,', 'water', 'Maple Ham Glaze', 'Brown Sugar Ham Glaze', 'Or other ham glaze of choice']"
Gougeres – French Cheese Puffs (finger...,"['water', 'butter', 'flour', 'salt', 'nutmeg', 'black pepper', 'eggs', 'Gruyère cheese', 'Gruyere cheese, extra', 'egg yolk']"
Kir Royale (French champagne cocktail),"['Creme de cassis', 'champagne or sparkling wine']"
{Pilot Travel Video!!} Top 10 BEST...,[]
Tuna Mornay (Tuna Casserole Pasta Bake),[]
Vegeta (vegetable stock powder / seasoning),[]
Chicken Brine – for the juiciest...,[]
Garlic Herb Butter SLOW COOKER Turkey...,[]
Still the BEST Stuffing ever!,[]
Juicy Slow Cooker Turkey Breast,"['turkey breast, skin on, bone in or boneless (if using frozen, thaw it) (Note 1)', 'head of garlic, cut in half horizontally', 'onion (brown, yellow or white), unpeeled, cut in half', 'sprigs of thyme (or 2 tsp dried thyme leaves)', 'garlic powder', 'onion powder', 'paprika', 'salt', 'grinds of black pepper', 'olive oil', 'Chicken stock/broth (or water), for topping up liquid (see Gravy step 1)', 'butter', 'flour', 'Salt and pepper']"
Green Bean Salad with Cherry Tomato...,"['green beans', 'cherry tomatoes', 'red onion', 'feta', 'lemon juice', 'extra virgin olive oil', 'dijon mustard', 'garlic clove', 'salt', 'black pepper']"
Creamy Lemon Chicken Breast,[]
Thanksgiving Recipes,[]
Browned Butter Savoury Sweet Potato Casserole,"['sweet potato', 'sour cream', 'parmesan', 'garlic cloves', 'salt', 'black pepper', 'butter', 'sage leaves', 'panko breadcrumbs', 'parmesan', 'each salt and pepper', 'bacon']"
Vermicelli Noodle Salad,[]
Cornbread recipe,"['yellow cornmeal', 'flour', 'baking powder', 'white sugar', 'salt', 'canned creamed corn', 'melted butter', 'eggs', 'milk', 'butter']"
Blueberry Muffins (ultra moist!),[]
Pumpkin Pie,"['homemade pie crust OR', ' 9""/22.5cm store bought crust', 'pumpkin puree', 'sugar, white/granulated', 'salt', 'cinnamon', 'ground ginger', 'ground cloves', 'of nutmeg', 'cream, heavy / thickened (cold)', 'eggs']"
Pie Crust (shortcrust pastry),[]
Smashed Cucumber Salad,"['cucumbers', 'salt', 'coriander/cilantro', 'green onions', 'rice vinegar', 'sesame oil', 'ginger', 'soy sauce', 'sugar']"
Green Bean Casserole perfection!,[]
Lo Mein Noodles,"['vegetable or peanut oil', 'garlic cloves', 'onion', 'chicken or other protein', 'medium carrots', 'large red capsicum / bell pepper', 'green onions', 'Lo Mein, Hokkien or other medium thickness egg noodles, fresh,', 'water', 'cornflour / cornstarch', 'dark soy sauce', 'soy sauce or light soy sauce', 'Chinese cooking wine or Mirin', 'white sugar', 'sesame oil', 'white pepper', 'Green onion']"
Spaghetti Bolognese,"['olive oil', 'garlic cloves', 'onion', 'beef mince (ground beef)', 'dry red wine', 'beef bouillon cubes', 'can crushed tomato', 'tomato paste', 'white sugar', 'Worcestershire sauce', 'dried bay leaves', 'sprigs fresh thyme', 'Salt and pepper', 'spaghetti', 'Parmesan cheese']"
Green Bean Salad,"['green beans', 'tomato', 'red onion', 'lemon juice', 'extra virgin olive oil', 'dijon mustard', 'garlic clove', 'Salt and pepper', 'Finely chopped parsley']"
Pulled Pork with BBQ Sauce (Easy...,[]
Margaritas!!!,"['tequila', 'lime juice', 'Cointreau', 'tequila', 'lime juice', 'orange juice', 'light agave nectar', 'lime wedge', 'coarse salt']"
Spinach Beef Cannelloni (Manicotti),"['olive oil', 'garlic cloves', 'onion', 'carrot', 'celery rib', 'crushed tomato', 'chicken stock / broth', 'EACH thyme, oregano, salt, pepper', 'chilli flakes', 'olive oil', 'garlic cloves', 'onion', 'beef mince', 'frozen spinach, chopped', 'beef bouillon cube', 'pepper', 'Worcestershire Sauce', 'cannelloni tubes (220g/7oz) ', 'mozzarella cheese', 'Chopped parsley']"
Beef Stir Fry with Honey Pepper...,[]
Easy Chocolate Truffles,[]
Slow Cooker Shredded Beef Chili,[]
Chow Mein,"['oil', 'chicken', 'garlic cloves', 'ramen or instant noodle cakes', 'pre shedded Coleslaw mix', 'green onion stems', 'heaped cup beansprouts', 'water', 'light soy sauce', 'Oyster Sauce', 'Chinese Cooking Wine or Mirin', 'sesame oil', 'white sugar (SKIP if using Mirin)']"
CRISPY Parmesan Roasted Brussels Sprouts (addictive!),[]
French Carrot Salad with Honey Dijon...,[]
Broccoli Soup – Thick & Creamy!,[]
Vietnamese Noodles with Lemongrass Chicken,[]
"Duck Fat Potatoes – Crispiest, Best...","['potatoes', 'salt', 'semolina', 'salt', 'Duck Fat', 'rosemary', 'Sea salt flakes']"
Asian Side Salad,"['soy sauce', 'peanut oil', 'rice vinegar', 'sesame oil', 'brown sugar', 'ginger', 'garlic', '/ 4oz mixed leafy salad greens', '/ 8oz cherry tomatoes', 'red onion', 'crispy fried shallots']"
Lemonade Scones (3 ingredients),[]
How to make Mimosas – Champagne...,[]
Chicken Fried Rice,"['oil', 'eggs', 'chicken breast', 'garlic cloves', 'onion', 'bacon', 'small carrot*', 'frozen corn*', 'frozen peas*', '(packed) cooked white rice', 'green onions', 'Chinese cooking wine or Mirin', 'oyster sauce', 'light soy sauce', 'sesame oil', 'white pepper']"
How to cook white rice –...,[]
Homemade French Onion Dip,"['butter', 'diced onions', 'salt', 'black pepper', 'onion powder', 'cayenne pepper', 'cream cheese', 'whole egg mayonnaise', 'sour cream']"
Mojito,"['lime juice', 'sugar syrup', 'mint leaves', 'white rum', 'club soda / soda water', 'Lime wedges or slices', 'Mint sprigs']"
Chili Mac and Cheese,[]
Tom Yum Soup (Thai soup),[]
Thai Basil Chicken,"['chicken thigh fillets', 'green onion', 'Thai basil leaves', 'garlic cloves', 'birds eye or Thai chilli', 'oil', 'oyster sauce', 'light soy sauce', 'dark soy sauce', 'sugar', 'water', 'Steamed jasmine rice']"
Mini Quiche – 4 ways!,"['sheets shortcrust pastry', 'eggs', 'cream', 'salt', 'black pepper', 'butter', 'bacon', 'eschallot', 'swiss or gruyere cheese', 'butter', 'baby spinach', 'garlic clove', 'swiss or gruyere cheese', 'butter', 'garlic', 'mushrooms', 'mushrooms', 'swiss or gruyere cheese', 'chopped chives', 'green olives', 'sun dried tomatoes', 'fetta', 'swiss or gruyere cheese']"
Tequila Sunrise,"['tequila', 'orange juice', 'grenadine syrup', 'Orange slices', 'Maraschino cherry']"
Sicilian Chicken Spaghetti,"['spaghetti', 'chicken breasts', 'olive oil', 'Salt and pepper', 'garlic cloves', 'white wine', 'can crushed tomato', 'water', 'sliced black olives', 'artichokes', 'red pepper flakes', 'salt and pepper', 'basil leaves', 'Parmesan cheese']"
Rocket Salad with Balsamic Dressing and...,[]
EMERGENCY Corn Chowder Soup – Easy...,[]
Vietnamese Caramelised Pork Bowls,"['cooking oil', 'onion', 'ginger', 'garlic cloves', 'birds eye or Thai chili', 'ground pork', 'brown sugar', 'fish sauce', 'green onion', 'Rice', 'Sliced red chilli, tomato, cucumber']"
Mediterranean Savoury Muffins,"['Butter or oil spray', 'cheddar cheese', 'feta', 'green olives slices', 'sun-dried tomatoes strips', 'roasted peppers', 'green onions', 'flour', 'baking powder', 'baking soda ', 'salt', 'egg', 'milk', 'sour cream', 'vegetable oil', 'garlic clove']"
Espresso Martini,"['Vodka', 'Kahlua', 'espresso coffee', 'coffee beans']"
What to do in Tokyo –...,[]
Top 10 BEST Foods to Eat...,[]
Lamb Koftas with Yoghurt Dressing,[]
Caramel Popcorn (Caramel Corn),[]
Frozen Strawberry Daiquiri!!,"['frozen strawberries', 'fresh strawberries', 'sugar syrup', 'lime juice', 'white rum', 'Fresh strawberries', 'Lime slices']"
Sticky Baked Chinese Chicken Wings,[]
Mexican Ground Beef Casserole with Rice...,"['olive oil', 'onion', 'garlic cloves', 'ground beef', 'tomato paste', 'long grain white rice', 'chicken broth/stock', 'can corn kernels', 'can black beans', 'capsicum/bell pepper', 'green onions/shallots', 'cheese', 'cayenne pepper', 'dried oregano', 'cumin', 'coriander', 'onion powder', 'paprika', 'salt']"
Self Saucing Butterscotch Pudding,"['dark brown sugar', 'plain flour', 'baking powder', 'unsalted butter', 'egg', 'milk', 'golden syrup', 'dark brown sugar', 'cornflour / corn starch', 'boiling water', 'Vanilla ice cream']"
Creamy Mushroom Pasta,"['fettuccine', 'unsalted butter', 'olive oil', 'mushrooms', 'garlic cloves', 'white wine', 'chicken broth/stock', 'cream', 'parmesan', 'salt and pepper', 'Extra parmesan', 'Parsley']"
Chinese Crispy Noodles (Chow Mein),[]
Oven Pork Ribs with Barbecue Sauce,[]
Wickedly Delish Sweet Potato Salad,[]
Emergency Chicken Rice Casserole (from SCRATCH!),[]
Bacon & Egg Breakfast Muffins,"['bacon', 'green onion', 'cheddar cheese', 'flour', 'baking powder', 'baking soda', 'milk', 'white vinegar', 'salt', 'sour cream or plain yoghurt', 'vegetable oil', 'egg', 'eggs', 'melted butter']"
Emergency EASY Fish recipe – Parmesan...,[]
Avocado Chicken Burger,"['ground chicken (mince)', 'panko breadcrumbs', 'egg', 'parmesan', 'green onion', 'garlic cloves', 'dried sage', 'salt and pepper', 'olive oil', 'soft burger buns or brioche buns', 'avocado (big!)', 'rocket / arugula or other lettuce of choice', 'tomatoes', 'Swiss cheese', 'Mayonnaise, relish, ketchup or tomato sauce', 'French fries', 'Baked potato wedges']"
White Chicken Lasagna,[]
Slow Cooked Beef Cheeks in Red...,[]
Tokyo Travel Guide: Asakusa,[]
Tokyo Travel Guide: Akihabara,[]
Tokyo Travel Guide: Ginza,[]
Tokyo Travel Guide: Harajuku,[]
Tokyo Travel Guide: Shibuya,[]
Tokyo Travel Guide: Shinjuku,[]
Tokyo Travel Guide: Tokyo Station Area...,[]
Tokyo Travel Guide: Ueno,[]
Beef Enchiladas,"['each onion & garlic powder', 'each cumin powder, paprika and dried oregano', 'cayenne pepper', 'olive oil', 'flour', 'chicken stock / broth', 'tomato passata OR US 1 can (8 oz) canned tomato sauce (eg Hunts)', 'each salt and pepper', 'olive oil', 'garlic cloves', 'onion', 'ground beef', 'refried beans', 'black beans, drained', 'tortillas', 'grated melting cheese, or more', 'Cilantro/coriander leaves']"
Thai Beef Salad,"['birds eye or Thai Chilli', 'finely minced garlic', 'finely chopped cilantro/coriander stems', 'white sugar', 'fish sauce', 'lime juice', 'grapeseed oil', 'cooking / kosher salt', 'good quality beef steak – sirloin', 'oil', 'each salt and pepper', 'mixed lettuce leaves', 'cherry tomatoes', 'small red onion', 'cucumber (optional deseed)', 'cilantro/coriander leaves', 'mint leaves', 'finely chopped peanuts', 'Extra cilantro/coriander and mint leaves']"
Mexican Stuffed Peppers,"['capsicum / peppers', 'olive oil', 'onion', 'garlic cloves', 'ground beef', 'tomato paste', 'chicken broth/stock', 'long or medium grain rice', 'corn kernels', 'green onions', 'mozzarella', 'water', 'cayenne pepper', 'dried oregano', 'cumin', 'coriander', 'onion powder', 'salt', 'Guacamole', 'Sour Cream', 'fresh coriander/cilantro']"
Sausage Rolls,[]
Tuna Poke Bowl,"['sushi rice', 'water', 'rice vinegar', 'sugar', 'salt', 'light or all purpose soy sauce', 'dark soy', 'toasted sesame oil', 'mirin', 'rice vinegar', 'chilli paste or Sriracha', 'grated ginger', 'sashimi grade tuna', 'small carrot', 'cucumber', 'small avocado', 'red radish', 'shelled edamame', 'green onion', 'Black sesame seeds']"
Tiramisu (Chef recipe!),[]
Crunchy Seasoned Baked Potato Wedges,[]
Chicken with Creamy Sun Dried Tomato...,"['chicken thighs OR chicken breast', 'salt', 'Black pepper', 'sun dried tomatoes', 'oil from sun dried tomatoes jar', 'garlic cloves', 'white wine', 'chicken broth/stock', 'thickened / heavy cream', 'parmesan, very finely shredded', 'Dijon mustard', 'basil leaves']"
Salmon Salad with Asian Ginger Sesame...,[]
How to cook Mussels with Garlic...,[]
Laksa Noodle Soup,[]
How to Cook Steak – like...,[]
Thai Fried Rice,[]
Thai Fish Cakes,"['white fish fillets', 'red curry paste', 'cilantro/coriander leaves', 'fish sauce', 'lime juice', 'egg', 'rice flour', 'green beans', 'oil', 'Sweet chilli sauce', 'Cilantro/coriander leaves', 'Lime wedges']"
Baked Spaghetti (Epic!),[]
Mexican Shredded Beef (and Tacos),"['chipotle powder', 'paprika', 'dried oregano', 'All Spice powder', 'coriander powder', 'onion powder or garlic powder', 'salt and pepper', 'olive oil', 'beef chuck or brisket', 'garlic cloves, minced', 'onion', 'orange juice', 'lime juice', 'can crushed tomatoes', 'beef or chicken broth/stock', 'water', 'Salt and pepper']"
Faster Chicken Stew (Casserole),[]
Baked Fish with Lemon Cream Sauce,"['x 150- 180g / 5 – 6 oz fish fillets', 'unsalted butter', 'cream, heavy / thickened ', 'garlic cloves', 'Dijon mustard', 'lemon juice', 'Salt & pepper', 'eschallots (French onion)', 'Fresh parsley and lemon slices']"
Banh Mi ! (Vietnamese sandwich),"['crusty long bread rolls', 'pork or chicken pate', 'mayonnaise', 'Thi Nguoi (""pink ham"") OR brawn', 'Cha\xa0Lua Vietnamese pork loaf OR chicken loaf', 'roast or grilled pork cold cuts', 'fresh coriander/cilantro sprigs', 'cucumbers', 'green onion stems', 'red chillies', 'Maggi Seasoning', 'medium carrots', 'hot water', 'white sugar', 'salt', 'rice wine vinegar', 'Pork meatballs for Banh Mi', 'Shredded rotisserie or poached chicken']"
Pork Meatballs for Banh Mi,[]
Pizza Stuffed Mushrooms,"['large mushrooms', 'olive oil', 'Salt and pepper', 'pizza sauce', 'salami slices', 'red onion', 'black olive slices', 'mozzarella cheese']"
Chow Mein Ramen Noodles,"['oil', 'chicken', 'garlic cloves', 'ramen or instant noodle cakes', 'pre shedded Coleslaw mix', 'green onion stems', 'heaped cup beansprouts', 'water', 'light soy sauce', 'Oyster Sauce', 'Chinese Cooking Wine or Mirin', 'sesame oil', 'white sugar (SKIP if using Mirin)']"
Skirt Steak with Chimichurri Sauce,"['parsley leaves', 'oregano leaves', 'garlic cloves', 'red pepper flakes', 'red wine vinegar', 'salt', 'Black pepper', 'extra virgin olive oil', 'flat iron, flank, skirt steak', 'Salt and pepper']"
How to Grill Corn,"['whole corn on the cob', 'melted butter', 'Softened butter', 'Finely chopped parsley']"
BEST Grilled Chicken Marinades,"['chicken breast, tenderloins or thigh', 'honey OR brown sugar', 'olive oil', 'soy sauce', 'lemon juice', 'Worcestershire sauce', 'garlic cloves', 'dried oregano', 'black pepper', 'Finely chopped parsley', 'Lemon slices']"
Grilled Garlic Bread,"['bread loaf', '/ 1 stick salted butter', 'garlic cloves', 'finely chopped parsley']"
Crispy Grilled Shrimp (Prawns) with Lemon...,[]
Chocolate Zucchini Bread,"['grated zucchini', 'flour, plain/all purpose', 'unsweetened cocoa powder, preferably dutch processed (Note 2)', 'baking soda', 'salt', 'vanilla essence', 'white sugar', 'eggs', 'unsalted butter', 'dark chocolate']"
Nasi Goreng (Indonesian Fried Rice),"['oil', 'chicken breast', 'kecap manis', 'oil', 'garlic cloves', 'red chilli', 'onion', 'cooked white rice', 'kecap manis', 'shrimp paste', 'eggs', 'green onion', 'Tomatos and cucumbers,', 'Fried shallots', 'Lime wedges']"
Lime Chicken (marinade – great for...,[]
Outrageous Triple Chocolate Cookies,"['unsalted butter', 'brown sugar', 'vanilla extract', 'egg yolks', 'glucose', 'flour', 'baking powder', 'cocoa powder', 'white chocolate chips', 'dark chocolate chips']"
Thai Drunken Noodles (Pad Kee Mao),[]
Quick Chicken & Vegetable Risoni recipe...,[]
Marinated Grilled Salmon,"['salmon fillets', 'Olive oil', 'soy sauce', 'lemon juice', 'honey', 'olive oil', 'garlic cloves', 'Parsley, chives or green onion', 'Lemon slices']"
Chicken Nachos recipe,"['tortilla or plain corn chips', 'Shredded chicken for nachos', 'shredded cheddar or Monterey Jack cheese ', 'Quick guacamole', 'Toppings: Sour cream, Coriander / cilantro leaves, Jalapeno', 'chicken thighs or breast', 'olive oil', 'tomato paste', 'sugar', 'chicken broth, separated (liquid stock)', 'lime juice', 'olive oil', 'garlic cloves', 'EACH garlic powder, onion powder, dried oregano', 'EACH cumin powder, paprika', 'cayenne pepper', 'salt and pepper', 'avocados', 'coriander/cilantro', 'lime juice']"
Asian Beef Bowls (Super Quick!),[]
Jambalaya recipe,"['vegetable oil', 'bacon', 'andouille or smoked sausage', 'chicken thigh', 'prawns/shrimp', 'garlic cloves', 'butter', 'onion', 'celery ribs', 'green capsicum / bell pepper', 'long grain rice', 'low-sodium chicken broth / stock', 'crushed canned tomato', 'tomato paste', 'green onions', 'chopped fresh thyme', 'sweet paprika', 'garlic powder', 'onion powder', 'cayenne powder', 'black pepper', 'salt']"
Bibimbap! (Korean Rice Bowl),[]
Pork Tenderloin with Honey Garlic Sauce,"['pork tenderloin', 'olive oil', 'garlic cloves', 'garlic powder', 'paprika', 'salt', 'black pepper', 'cider vinegar', 'soy sauce, light or all purpose', 'honey']"
Creamy Mashed Cauliflower,"['cauliflower florets', 'garlic cloves', 'unsalted butter', 'parmesan cheese', 'sour cream', 'cooking water', 'Salt and pepper', 'Melted butter, parsley, pepper']"
Reuben Sandwich recipe,"['homemade pastrami (1 quantity, easy!)', 'light rye bread', 'Swiss cheese', 'Butter', 'grapeseed oil', 'onion', 'white cabbage', 'cider vinegar', 'water', 'salt', 'sugar', 'caraway seeds', 'onion', 'dill pickle/gherkin', 'mayonnaise', 'sour cream', 'sriracha, spicy ketchup or Chili Sauce', 'horseradish', 'Worcestershire sauce', 'sweet paprika']"
Asian Chilli Garlic Prawns (Shrimp),"['prawns / shrimp, raw,', 'vegetable oil', 'sesame oil', 'garlic cloves', 'ginger', 'chilli flakes*', 'water', 'Sriracha', 'soy sauce', 'brown sugar', 'Sesame seeds', 'Green onions', 'Red chillies']"
Chicken Pasta of your dreams!,[]
Apple Crumble Bars,"['unsalted butter', 'flour', 'white sugar', 'baking powder', 'of salt', 'egg', 'rolled oats (Note 1)', 'large granny smith apples', 'plain flour', 'white sugar', 'cinnamon', 'nutmeg', 'Salted caramel sauce', 'Ice cream!']"
Marinated Roast Beef,"['Top Blade Roast, Bolar Blade, Eye of Round Roast,  Oyster Blade Roast or other economical roast beef cut', 'olive oil', 'garlic cloves', 'Worcestershire Sauce', 'dijon mustard', 'balsamic vinegar', 'soy sauce', 'olive oil', 'white sugar', 'onion powder', 'black pepper', 'dried thyme', 'dried rosemary', 'potatoes', 'carrots', 'Salt and pepper', 'flour', ' beef broth', 'black pepper']"
Noodle Salad with Sesame Peanut Dressing...,[]
Mother’s Day Brunch!,[]
Strawberry Salad with Avocado,"['baby spinach', 'red onion', 'ripe strawberries', 'avocados', 'feta', 'butter, unsalted', 'white sugar', 'pecans', 'eschallots', 'white wine vinegar', 'olive oil', 'mayonnaise', 'white sugar', 'poppyseeds', 'salt', 'black pepper']"
Just a great Chicken Marinade,[]
Cinco de Mayo recipes,[]
Oven Baked Tandoori Chicken,"['plain yoghurt', 'oil', 'lemon juice', 'ginger', 'garlic cloves', 'garam masala spice mix', 'kashmiri chilli powder', 'turmeric powder', 'cumin', 'coriander powder', 'chilli powder, adjust to taste', 'salt', 'drumsticks,  bone-in skin on chicken thighs or Marylands (whole chicken legs)', 'Oil spray', 'plain yoghurt', 'mint leaves, packed', 'Salt and pepper', 'Olive oil', 'Basmati rice']"
Dog Cake recipe for Dozer’s birthday!,[]
Meat Pie recipe!,"['batches homemade shortcrust pastry', 'frozen shortcrust pastry sheets, thawed', 'refrigerated pie crusts (US/Can)', 'frozen puff pastry sheets, just thawed', 'egg', 'beef chuck', 'each salt & pepper', 'olive oil', 'onion', 'garlic cloves', 'flour', 'beef stock, low sodium', 'red wine', 'tomato paste', 'Worcestershire sauce', 'black pepper', 'bay leaves']"
Spinach Ricotta Pasta Bake,"['ziti pasta, ', 'mozzarella cheese', 'ricotta', 'parmesan cheese', 'garlic cloves', 'frozen chopped spinach,', 'mozzarella cheese', 'salt & pepper', 'extra virgin olive oil', 'garlic cloves', 'tomato passata', 'EACH onion and garlic powder', 'dried Italian Mixed Herbs', 'dried chili flakes', 'sugar', 'salt', 'Black pepper', 'water', 'Parmesan cheese']"
Hot Cross Buns,"['instant or rapid rise yeast (9 grams)', 'caster sugar (superfine sugar)', 'milk, warm', 'bread flour (or plain / all purpose)', 'cinnamon powder', 'All Spice', 'salt', 'sultanas', 'oranges, zest only', '\xa0unsalted butter, melted and cooled', 'egg', 'Extra bread flour', 'flour ', 'water', 'apricot jam', 'water', 'dry yeast – any type (active dry, rapid rise, instant)', 'caster sugar (superfine sugar), or sub with normal white sugar', 'warm water (Note 2)', 'milk, lukewarm, whole or low fat, (Note 2)', 'bread flour + extra for dusting (Note 3)', 'cinnamon powder', 'All Spice', 'salt', 'oranges', 'sultanas (Note 4)', 'unsalted butter, melted and cooled', 'eggs, at room temperature, lightly beaten with fork', 'flour, any white flour', 'water', 'apricot jam', 'water']"
Easter Chocolate Cake,"['plain / all purpose flour', 'cocoa powder', 'baking powder', 'baking soda (bi-carb soda)', 'white sugar', 'salt', 'eggs', 'milk', 'vegetable oil', 'vanilla extract', 'boiling water', 'Chocolate Buttercream Frosting']"
Salmon Quiche,"['homemade quiche crust', 'sheets frozen shortcrust pastry', 'x 9"" refrigerated pie crust', 'ready made pie shell', 'butter', 'leek', 'garlic cloves', 'asparagus spears', 'eggs', 'cream', 'salt + pinch pepper', 'fresh dill', 'smoked salmon', 'gruyere cheese', 'Dill sprigs and extra smoked salmon']"
Quiche Crust / Shortcrust pastry for...,[]
Fish Chowder Soup,"['butter', 'garlic cloves', 'small onion', 'small carrots', 'dry white wine', 'flour', 'milk', 'fish stock, clam juice OR chicken stock, preferably low sodium (Note 1)', 'potato', 'corn', 'salt', 'Finely ground black pepper', 'white fish fillets', 'peas', 'green onions', 'Crusty bread for dunking']"
Byron Bay White Chocolate Macadamia Nut...,[]
Curried Sausages,"['oil', 'sausages', 'garlic cloves', 'onion', 'carrot', 'curry powder', 'flour', 'chicken stock/broth', 'sugar', ' salt', 'black pepper', 'peas']"
Broccoli Chicken Fritters,"['large head broccoli', 'chicken breast or thigh', 'flour', 'parmesan cheese', 'eggs', 'garlic cloves', 'salt', 'Pepper', 'olive oil', 'sour cream or Greek yogurt', 'ketchup', 'Squeeze of lemon']"
Better-Than-Dominos Garlic Bread,[]
Caramelised Vietnamese Shredded Beef,"['leftover cooked brisket or other beef', 'oil', 'garlic cloves', 'lime juice', 'fish sauce', 'soy sauce', '(packed) brown sugar', 'vegetable oil', 'lemongrass paste', 'Rice or noodles', 'Lime wedges OR Nuoc Cham', 'Fresh coriander/cilantro leaves', 'Finely sliced red chilli, sliced cucumber, crushed peanuts*']"
Breakfast Cookies (Healthy!),[]
Moussaka (Greek Beef and Eggplant Lasagna),[]
Quick Chicken Tacos (with sauce!),[]
Carnitas (Mexican Slow Cooker Pulled Pork),[]
Salmon Patties,"['Panko breadcrumbs', 'small onion', 'garlic clove', 'cooked fresh salmon OR canned red or pink salmon', 'shallots / scallions / green onions', 'fresh dill', 'eggs', 'parmesan', 'each salt and pepper', 'vegetable oil', 'Oil spray']"
Shortbread Cookies,"['salted butter, softened (2 x US sticks, 1 cup) (or unsalted + ¼ tsp salt)', 'icing sugar (powdered sugar)', 'plain / all purpose flour ']"
Fried Rice,[]
Chicken Curry,"['oil', 'garlic cloves', 'ginger', 'onion ', 'chicken thighs, sliced', 'curry powder', 'coconut milk', 'chicken stock low sodium', 'salt', 'frozen peas', 'coriander / cilantro leaves']"
Asian Mushroom Ramen Noodles,"['packets ramen or other instant noodles', 'vegetable oil', 'mushrooms', 'garlic cloves', 'sesame oil', 'green onion stems', 'water, plus more as needed', 'dark soy sauce', 'Oyster sauce', 'Hoisin sauce', 'mirin']"
Oven Baked Chicken Breast,"['chicken breasts', 'olive oil', 'brown sugar', 'paprika', 'dried oregano or thyme', 'garlic powder', 'each salt and pepper', 'Finely chopped parsley']"
Homemade Sausage and Egg McMuffin,[]
Crispy Pan Fried Fish,"['thin fish fillets, around 150g/5 oz each, 1 cm / 2/5"" thick, skin on or off', 'Salt and pepper', 'flour', 'paprika', 'oil, enough to mostly thinly cover base', 'Lemon wedges', 'Finely chopped parsley or dill']"
Gozleme!,"['flour', 'extra virgin olive oil', 'water', 'salt', 'baby spinach', 'garlic cloves', 'eggs', 'black pepper', 'Danish feta', 'shredded mozzarella cheese', 'olive oil', 'garlic cloves', 'onion', 'beef or lamb mince', 'capsicum / bell pepper', 'baby spinach', 'cumin powder', 'paprika', 'cayenne', 'each salt and pepper', 'water', 'Danish feta', 'olive oil ', 'Lemon wedges']"
Cheeseburger Casserole (Homemade Hamburger Helper),"['olive oil', 'garlic cloves', 'onion, chopped', 'small carrot *', 'celery stalk *', 'ground beef (mince)', 'dried macaroni', 'frozen corn *', 'chicken broth/stock, low sodium', 'hot sauce or Sriracha sauce', 'American chili powder', 'dried oregano', 'garlic powder', 'crushed tomato', 'tomato paste', 'salt', 'black pepper', 'cheddar or tasty cheese, shredded', 'mozzarella cheese', 'green onion']"
Schnitzel,"['boneless pork (4 steaks / boneless chops, about 150 g/5 oz each)', 'large chicken breasts (2 pieces,300g / 10 oz each)', 'veal or beef steaks (4 pieces, 150g / 5 oz each)', 'turkey breast cutlets (4 pre sliced pieces, 150g / 5 oz each)', 'Salt and pepper', 'flour', 'eggs', 'panko breadcrumbs', 'Oil for frying']"
Thai Chicken Satay with Peanut Sauce,[]
Beef Stroganoff,"['scotch fillet steak / boneless rib eye', 'vegetable oil', 'large onion', 'mushrooms', 'butter', 'flour', 'beef broth', 'Dijon mustard', 'sour cream', 'Salt and pepper', 'pasta or egg noodles of choice', 'Chopped chives']"
Oven Baked Pork Chops with Potatoes,"['Worcestershire Sauce', 'ketchup', 'soy sauce', 'brown sugar', 'olive oil', 'garlic,', 'apple cider vinegar', 'pork chops / cutlets', 'baby potatoes', 'olive oil', 'Salt & pepper']"
Frittata Egg Muffins,[]
Hot and Sour Soup,"['chicken breast', 'dried shiitake mushrooms', 'wood ear mushrooms', 'dried chilli / red pepper flakes', 'dark soy sauce', 'light soy sauce', 'ginger', 'white pepper', 'chicken or veg stock/broth', 'sesame oil', 'sugar', 'white vinegar', 'firm tofu (~ 1 cup)', 'bamboo shoots', 'eggs', 'cornstarch/cornflour', 'water', 'Salt to taste', 'shallot/scallion']"
Chicken Stew,"['olive oil', 'bone in, skin on chicken thighs and drumsticks', 'Salt and pepper', 'onions', 'garlic cloves', 'large carrots', 'celery stalks', 'white wine', 'flour', 'chicken broth', 'tomato paste', 'Worscestershire sauce', 'sprigs thyme', 'bay leaves', 'baby potatoes', 'Fresh thyme or parsley', 'Warm crusty bread']"
Italian Pasta Salad with Homemade Italian...,"['extra virgin olive oil', 'red or white wine vinegar', 'freshly grated parmesan cheese', 'sugar (any)', 'large garlic clove, minced', 'each dried basil and oregano', 'dried parsley', 'dried chilli flakes (red pepper flakes) (optional)', 'salt', 'black pepper', 'spiral pasta, or other pasta of choice', 'thick sliced salami, cut into 2.5cm/1"" batons (see photo in post or videos) (I use spicy salami)', 'baby bocconcini, halved (Note 2)', 'red capsicum/bell pepper, cut into 3cm/2.2cm strips', 'whole olives (I used Sicilian and pitted black) (Note 3)', 'cherry tomatoes, halved (~1.5 Australian punnets)', '(tightly packed) fresh basil leaves']"
Velveting Chicken: The Chinese restaurant secret...,[]
French Toast,"['brioche or white sandwich bread', 'butter', 'large eggs', 'milk', 'cinnamon powder', 'vanilla extract', 'strawberries, halved', 'white sugar', 'Maple syrup, butter']"
Tenderise beef for stir fries (Velveting...,[]
Egg Foo Young (Chinese Omelette),[]
Honey Mustard Baked Chicken Drumsticks,"['x 150g/5oz potatoes', 'olive oil or melted butter', 'chicken legs (about 1 kg / 2 lb)', 'olive oil', 'Dijon mustard', 'wholegrain mustard', 'honey', 'garlic clove', 'cornflour/cornstarch', 'Pinch of salt and pepper', 'Fresh thyme leaves or chopped parsley', 'Steamed broccolini']"
12 Minute Couscous Salad with Sun...,[]
Vegetarian Lasagna,"['pumpkin', 'large zucchinis', 'onions (any type)', 'olive oil', 'garlic clove', 'Salt and pepper', 'frozen chopped spinach', 'ricotta', 'grated parmesan', 'egg', 'garlic clove', 'grated nutmeg, optional (fresh or powder)', 'each Salt and pepper', 'olive oil', 'garlic clove', 'small onion', 'tomato passata', 'crushed tomato', 'water', 'each dried thyme and oregano', 'dried chilli flakes', 'Salt and pepper', 'jar roasted red pepper strips, drained', 'fresh lasagne sheets', 'shredded mozzarella']"
Pesto!,"['pine nuts', 'fresh basil leaves', 'parmesan,', 'cooking/kosher salt', 'black pepper', 'garlic clove', 'extra virgin olive oil']"
Pesto Pasta – with plenty of...,[]
Creamy Carrot Soup,[]
Sticky Baked Chicken Thighs,"['chicken thighs', 'ketchup', 'brown sugar', 'soy sauce', 'apple cider vinegar', 'olive oil', 'Worcestershire Sauce', 'garlics']"
Thai Green Curry,"['Thai Green Curry Paste (Maesri best) OR', 'homemade green curry paste', 'large garlic cloves', 'fresh ginger', 'lemongrass paste', 'vegetable oil', 'chicken or vegetable broth, low sodium', 'coconut milk', 'fish sauce *', 'white sugar *', 'salt *', 'kaffir lime leaves', 'chicken thigh', 'Japanese eggplants, ', 'snow peas', 'Thai basil leaves', 'Juice of 1/2 lime', 'Crispy fried Asian shallots', 'Thai basil or cilantro/coriander', 'Green or red chillies slices', 'Steamed jasmine rice']"
Thai Green Curry Paste recipe,"['green cayenne pepper chilis', 'Thai green chilis', 'red shallots / eschallots', 'lemongrass stems', 'galangal', 'garlic', 'dried shrimp paste', 'lime zest', 'ground coriander', 'ground cumin', 'white pepper', 'turmeric', 'chopped coriander/cilantro root and stem', 'coriander / cilantro leaves', 'water']"
Chickpea Curry with Potato (Chana Aloo...,[]
Curried Rice,"['yellow curry powder', 'cumin', 'coriander', 'paprika', 'chilli powder', 'butter', 'onion', 'garlic cloves', 'ginger', 'uncooked basmati rice', 'small carrot', 'chicken or vegetable broth, low sodium', 'frozen peas', 'salt', 'black pepper', 'cashews', 'coriander/cilantro leaves', 'Yogurt']"
A Great Pork Chop Marinade,[]
Peanut Butter Caramel Pie,"['Oreo cookies', 'butter', 'of salt', 'unsalted butter', '(packed) brown sugar', 'can sweetened condensed milk (395g/14oz)', 'cream', 'salt', 'peanut butter, smooth', 'heavy/thickened cream', 'milk chocolate chips', 'roughly chopped peanuts']"
Braised Beef Short Ribs in Red...,"['beef short ribs', 'each salt and pepper', 'olive oil', 'garlic cloves', 'large onion', 'celery ribs', 'carrots', 'tomato paste', 'dry red wine', 'beef stock/broth, low sodium', 'sprigs thyme', 'bay leaves']"
Chinese Crispy Pork Belly,"['pork belly, skin on (800 - 1.2kg / 1.6 - 2.4 lb)', 'Chinese cooking wine', 'Chinese five spice powder', 'white pepper', 'salt', 'white vinegar', 'rock salt']"
Restaurant Style Salsa recipe,[]
Cashew Chicken,"['soy sauce, ordinary or light', 'Chinese cooking wine', 'Oyster sauce', 'sesame oil', 'cornflour / cornstarch', 'chicken mince (ground chicken)', 'garlic, minced', 'egg, small', 'panko breadcrumbs', 'salt', 'white pepper (or sub with black)', 'peanut oil', 'garlic, minced', 'small onion, sliced', 'green capsicum / bell pepper, chopped into 1.75cm / 2/3""', 'water', 'cashews, unsalted']"
Quick Cheesy Garlic Bread,"['bread loaf approx 30cm/12"" long', 'unsalted butter', 'salt', 'garlic cloves', 'mozzarella cheese, grated (Note 2)', 'Parsley']"
Bun Cha (Vietnamese Meatballs!),"['pork mince', 'fish sauce', 'white sugar', 'finely chopped green onions / scallions', 'garlic', 'of white pepper and salt', 'lemongrass paste or fresh finely chopped', 'oil', 'white sugar', 'fish sauce', 'rice wine vinegar', 'lime juice', 'water', 'birds eye chilli', 'garlic', 'vermicelli noodles', 'Big handful beansprouts', 'Few lettuce leaves', 'Julienned carrot and white radish', 'Handful of coriander/cilantro sprigs', 'Sliced red chilli']"
Grilling Ideas and Recipes,[]
Sausage Bake with Potatoes and Gravy,[]
Chicken Cordon Bleu,"['Panko breadcrumbs - 1/2 cup for Super Easy or 1 cup for Quick Dredge', 'Oil spray', 'small chicken breasts, ', 'Salt and pepper', 'swiss cheese', 'to 6 slices of ham, ', 'mayonnaise', 'Dijon mustard', 'egg', 'plain flour', 'butter', 'flour', 'milk', 'Dijon mustard', 'parmesan cheese, finely grated']"
Extra Fluffy Blueberry Pancakes,[]
Roast Chicken,"['whole chicken', 'Salt and pepper', 'olive oil', 'lemon, quartered', 'rosemary sprigs', 'unsalted butter', 'garlic cloves', 'sage', 'rosemary', 'parsley', 'each salt and black pepper', 'dry white wine', 'onion', 'garlic bulb']"
Beef Stew,"['chuck beef', 'each salt and pepper', 'olive oil', 'large onion', 'garlic cloves', 'carrots', 'celery stalks', 'flour', 'beef broth / stock', 'red wine', 'Worcestershire Sauce', 'tomato paste', 'bay leaves', 'sprigs thyme', 'baby potatoes', 'More salt and pepper']"
Magic Broccoli,"['medium to large heads of broccoli', 'garlic cloves', 'extra virgin olive oil', 'salt', 'Black pepper', 'Zest of half a lemon', 'lemon juice', 'freshly grated parmesan cheese']"
Homemade Chicken Noodle Soup (from scratch!),"['whole chicken', 'head of garlic', 'carrots', 'celery ribs', 'onions', 'black peppercorns', 'bay leaves', 'thyme sprigs', 'water', 'olive oil', 'large onion', 'garlic cloves', 'medium carrots', 'celery ribs', 'shredded chicken', 'homemade chicken broth', 'egg noodles or pasta of choice', 'Vegeta  or other stock powder', 'black pepper', 'thyme sprigs', 'bay leaf', 'Finely chopped parsley']"
Caprese Salad,"['g/7oz bocconcini / baby or cherry mozzarella', '/ 1 lb cherry or grape tomatoes', 'basil leaves', 'Balsamic glaze / reduction', 'small garlic clove', 'Dijon mustard', 'extra virgin olive oil', 'white wine vinegar', 'each dried oregano', 'salt', 'Black pepper']"
One Pot Chicken Broccoli Rice Casserole,"['unsalted butter', 'olive oil', 'onion', 'garlic cloves', 'chicken thigh', 'flour', 'milk', 'chicken broth', 'long grain white rice', 'dried thyme (or other herb of choice)', 'Salt and pepper', 'large head of broccoli, broken / cut into small florets (~400 - 500g / 14 oz - 1 lb)', 'shredded mozzarella or cheddar', 'Finely chopped parsley']"
Outrageous Nutella Brownies,"['Nutella', 'unsalted butter', 'dark chocolate melts / semi sweet chocolate chips', 'brown sugar', 'eggs', 'vanilla extract', 'flour', 'cocoa powder', 'salt']"
Creamy Ham Bone Soup with Beans,[]
Chicken Vegetable Ramen Noodles,"['packets ramen or other instant noodles', 'oil', 'garlic cloves', 'onion', 'chicken thighs, cut into bite size pieces', 'water, plus more as needed', 'carrot', 'small red capsicum / bell pepper', 'cabbage', 'dark soy sauce', 'Oyster sauce', 'Hoisin sauce', 'Mirin', 'Finely sliced green onion / shallots']"
Butter Chicken,"['plain yoghurt', 'lemon juice', 'tumeric powder', 'garam masala ', 'chilli powder or cayenne pepper powder ', 'ground cumin', 'ginger, freshly grated ', 'garlic, crushed', 'chicken thigh fillets, cut into bite size pieces', 'ghee or butter, ', 'tomato passata (aka tomato puree)', 'heavy / thickened cream', 'sugar', 'salt', 'Basmati rice', 'White rice', 'Coriander/cilantro (optional)']"
Lemon Garlic SLOW COOKER Roast Chicken,[]
Shepherd’s Pie,"['olive oil', 'garlic cloves', 'onion', 'carrot', 'rib celery', 'each dried thyme and rosemary', 'ground lamb (mince) OR beef', 'flour', 'tomato paste', 'beef stock / broth', 'red wine', 'beef bouillon cube', 'Worcestershire sauce', 'dried bay leaves', 'cooking / kosher salt', 'black pepper', 'frozen peas', 'potatoes, peeled and cut into 2.5cm / 1"" cubes', 'milk', 'butter', 'grated parmesan', 'butter', 'Fresh thyme leaves, optional garnish']"
Prawn Mango Avocado Summer Salad,"['cooked risoni/orzo or similar', 'cooked peeled prawns / shrimp', 'large mango', 'large ripe avocado', 'rocket / arugula', 'cherry tomatoes', 'red onion', 'coriander / cilantro leaves', 'extra virgin olive oil', 'lime juice', 'small garlic clove', 'salt', 'black pepper']"
25 BEST Party Food Recipes!,[]
Prawn Cocktail !!!,"['medium fresh cooked or raw prawns with shell and heads on', 'fresh cooked prawns already peeled', 'About 3 cup iceberg lettuce, finely sliced', 'Lemon wedges', 'Finely chopped parsley', 'mayonnaise', 'ketchup ', 'Worcestershire sauce', 'freshly grated horseradish', 'Dash of tabasco sauce', 'of cayenne pepper']"
Dip Recipes,[]
Cheese and Garlic Crack Bread (Pull...,[]
Hot Corn Dip,"['corn on the cob', 'olive oil', 'butter', 'garlic cloves', 'large red capcsicum / bell pepper', 'large green capsicum / bell pepper', 'red onion', 'shredded Monterey Jack cheese or other cheese of choice', 'jalapeno', 'cream cheese', 'sour cream', 'mayonnaise', 'salt', 'can green chillies, chopped', 'shallots / scallions', 'Coriander / cilantro', 'Green chillies or jalapeño', 'Sautéed corn']"
Christmas Leftovers Bread Bowl Sandwich (Muffuletta),[]
Annual Christmas Selfie & Bloopers!,[]
Brown Sugar Ham Glaze,"['bone in ham, rind and fat on', 'water ', 'brown sugar', 'honey ', 'Dijon mustard', 'apple cider vinegar ', 'black pepper', 'cinnamon*', 'All Spice*', 'mustard powder *', 'Ribbon', 'Few sprigs of rosemary']"
Meet Dozer – the official taste...,[]
Strawberry Cheesecake,"['Arnott’s Marie crackers or other plain biscuit (Aus) or 28 Graham Cracker squares', 'unsalted butter', 'cream cheese', 'plain flour', 'vanilla extract', 'sour cream', 'caster sugar (superfine sugar)', 'Zest of 1 lemon', 'eggs', 'strawberries', 'lemon juice OR water', 'white sugar', 'vanilla extract', 'cornflour/cornstarch', 'water']"
Christmas Appetiser – Italian Cheese Log!,"['cream cheese', 'sour cream', 'EACH thyme, oregano, basil, rosemary, black pepper ', 'EACH garlic powder, salt, red pepper/chilli flakes', 'cheddar or other cheese', 'roasted peppers', 'salami', 'green olives', 'green onion', 'sun dried tomato strips with OIL', 'parsley', 'Rosemary sprigs', 'Jatz or other crackers']"
Paris Mash (Rich Creamy Mashed Potato),[]
Quick Asian Beef Ramen Noodles,[]
Garlic Shrimp Mac and Cheese,[]
Bruschetta,[]
French Onion Soup,"['unsalted butter', 'brown / yellow onions', 'dry white wine', 'flour', 'good quality beef broth./stock OR chicken', 'dried bay leaves', 'sprigs fresh thyme', 'Salt and pepper', 'slices French baguette', 'gruyere', 'Fresh parsley or thyme leaves']"
Garlic Sautéed Spinach,"['bunches spinach', 'olive oil', 'garlic cloves', 'Salt and pepper']"
Chicken Stroganoff,"['chicken thighs (4 - 5)', 'garlic powder', 'Salt and pepper', 'olive oil', 'large onion', 'mushrooms', 'butter', 'flour', 'beef broth/stock', 'Dijon mustard', ' sour cream', '/ 8 - 10 oz pasta or egg noodles of choice', 'Chopped parsley or chives']"
Easy Chocolate Fudge Cake,"['dark chocolate chips ', 'butter', 'white sugar', 'oil', 'vanilla extract', 'eggs', 'cocoa powder', 'flour', 'baking powder', 'boiling hot water', 'coffee granules', 'heavy / thickened cream', 'dark chocolate chips ']"
Parmesan Roasted Green Beans,"['/ 1 lb green beans', 'olive oil', 'garlic cloves', 'each salt and pepper', 'panko breadcrumbs', 'grated parmesan']"
Brown Sugar Glazed Carrots,"['carrots', 'brown sugar', 'garlic cloves', 'butter (30g)', 'olive oil', 'salt', 'black pepper', 'Parsley']"
"5 Healthier, Creamy Yogurt Salad Dressings",[]
Turkey Gravy recipe,[]
Juicy Roast Turkey,[]
Easy Thanksgiving Menus,[]
Corn Casserole,[]
Profiteroles,"['unsalted butter', 'water', 'flour', 'large eggs', 'of salt', 'Vanilla custard (Creme Patissiere)', 'Ice cream', 'Whipped cream', 'egg yolks', 'white sugar', 'cornflour / cornstarch', 'milk', 'extra white sugar', 'vanilla bean paste', 'dark chocolate', 'cream']"
French Onion Smothered Pork Chops,"['pork chops', 'garlic powder', 'Salt and pepper', 'large onions', 'garlic cloves', 'butter', 'oil', 'Salt and pepper', 'beef broth/stock', 'flour', 'cheese', 'Finely chopped fresh rosemary leaves']"
Beef Tacos,[]
Taco Sauce,"['tomato passata / puree OR 1 can (16 ounce) US tomato sauce', 'water', 'cumin', 'onion powder', 'garlic powder', 'paprika', 'sugar', '+ teaspoon cayenne pepper', 'dried oregano', 'black pepper', 'salt']"
Apple Salad with Candied Walnuts and...,[]
Creamy Baked Pumpkin Risotto,[]
Rice Pilaf with Nuts and Dried...,[]
Chicken Pot Pie,"['chicken breast', 'milk', 'chicken broth', 'chicken or vegetable stock powder', 'sprigs thyme', 'large onion', 'large carrots', 'celery ribs', 'garlic cloves', 'butter', 'dried thyme', 'white wine', 'flour', 'grated parmesan', 'black pepper', 'frozen peas', 'sheets puff pastry', 'egg']"
Spring Rolls!,"['oil', 'garlic cloves', 'pork mince', 'dried shiitake mushrooms soaked in boiling water OR 8 fresh', 'shredded carrot', '(heaped) bean sprouts', '(packed) shredded green cabbage', 'cornflour / cornstarch', 'Oyster Sauce', 'soy sauce', 'spring roll wrappers, defrosted (21.5 cm / 8” squares) OR 35 – 40 small spring roll wrappers (Note 2), or Egg Roll wrappers to make Egg Rolls (Note 6)', 'cornflour (for sealing rolls)', 'water (for sealing rolls)', 'Oil for frying (I use vegetable) OR oil spray for baking (I use canola)', 'cornflour/ cornstarch', 'water', 'apple cider vinegar', 'brown sugar', 'tomato ketchup', 'soy sauce']"
Sloppy Joes,"['/15g butter', 'garlic cloves', 'onion', 'green capsicum/bell pepper', 'g/1lb ground beef', 'Dijon mustard', 'brown sugar', 'ketchup', 'g/14oz crushed tomato', 'Worcestershire sauce', 'tomato paste', 'beef bouillon cube', 'black pepper', 'soft rolls', 'Cheese slices', 'Other fixing options - see Note 4']"
Homemade Cranberry Sauce,[]
Amazing Easy Thai Coconut Soup,[]
Kung Pao Chicken,"['chicken thigh', 'cornflour / cornstarch', 'light soy sauce', 'dark soy sauce', 'Chinese black vinegar', 'Chinese cooking wine', 'sugar', 'sesame oil', 'water', 'peanut oil', 'garlic cloves', 'ginger', 'dried chillies', 'green onions', 'ground sichuan peppercorns', 'whole peanuts (or 1/2 cup halved)']"
Chocolate Peanut Butter Bars,[]
Frittata,"['eggs', 'milk', 'salt and pepper', 'oil', 'bacon', 'garlic cloves', 'butter', 'big handfuls baby spinach', 'mozzarella cheese', 'More cooked chopped bacon and spinach, ']"
Creamy Vegetable Soup with Noodles,[]
One Pot Chinese Chicken and Rice,"['oil', 'garlic cloves', 'ginger', 'onion', 'chicken thighs', 'big bunch Chinese Broccoli with thick stems', 'uncooked white rice', 'chicken broth', 'garlic', 'Chinese cooking wine', 'oyster sauce', 'dark soy sauce', 'white pepper ', 'green onion', 'Sesame seeds']"
Beef Burrito,"['each onion powder', 'each dried cumin powder', 'black pepper', 'cayenne pepper', 'olive oil', 'garlic cloves', 'onion', 'beef mince (ground beef), I use lean', 'tomato paste', 'water', 'large soft flour tortillas or round wraps', 'cooked rice', 'iceberg lettuce or cabbage', 'corn kernels (I use canned, drained)', 'black beans (I use canned, drained)', 'tomatoes, deseeded and diced', 'red onion', 'Finely chopped coriander / cilantro', 'shredded cheese of choice (melting kind)']"
Shaoxing Wine – Chinese Cooking Wine,[]
Persian Love Cake,"['almond meal', 'semolina', 'baking powder', 'ground nutmeg', 'ground cardamom', 'unsalted butter', 'brown sugar', 'white sugar', 'eggs', 'plain yoghurt', 'Zest of one orange', 'raw pistachios', 'lemon juice', 'white sugar', 'rosewater']"
Persian Lamb Shanks,[]
Persian Saffron Rice (Tachin),"['basmati rice, uncooked', 'salt', ' water', 'dried barberries', 'unsalted butter', 'rose water', 'saffron threads', 'warm water', 'plain yogurt', 'oil', 'egg yolks', 'salt']"
Wonton Soup,"['wonton wrappers', 'lean pork mince', 'peeled prawns / shrimp', 'ginger', 'shallots / green onions', 'light soy sauce', 'Chinese cooking wine', 'salt', 'sesame oil, toasted', 'chicken broth', 'garlic cloves', 'piece of ginger', 'light soy sauce', 'sugar', 'chinese cooking wine', 'sesame oil', 'Shallots / scallions', 'Bok choy', 'dried egg noodles per person']"
Slow Cooker Pork Loin Roast,"['pork loin OR shoulder/boston butt', 'olive oil', 'EACH paprika, thyme', 'EACH garlic powder, onion powder', 'cayenne pepper', 'pepper', 'salt', 'honey', 'butter', 'garlic', 'cider vinegar', 'salt and pepper', 'cornflour/cornstarch mixed with splash of water']"
Cornbread Muffins,"['butter', 'eggs', 'milk', 'canned creamed corn', 'yellow cornmeal', 'flour', 'baking powder', 'white sugar', 'salt', 'Extra melted butter']"
Vegetable Pasta – One Pot!,[]
Chocolate Mousse,"['eggs', 'dark cooking chocolate', 'unsalted butter', 'cream', 'caster sugar', 'More whipped cream', 'Chocolate shavings']"
Italian Meatballs,[]
Poached Salmon in Coconut Lime Sauce,"['salmon fillets', 'Salt and pepper', 'oil', 'garlic cloves', 'ginger', 'lemongrass', 'brown sugar', 'chilli garlic paste ', 'coconut milk', 'fish sauce', 'lime zest', 'Lime juice', 'Fresh coriander/cilantro leaves', 'Finely sliced large red chillies', 'Vermicelli noodles OR', 'Steamed jasmine rice', 'Steamed Asian greens']"
Taco Soup,"['olive oil', 'brown or white onion', 'red bell pepper', 'black beans ', 'sweet corn', 'garlic cloves', 'oregano', 'cumin', 'paprika', 'chilli', 'shredded Mexican pulled pork', 'tomato puree passata', 'chicken or vegetable broth / stock', 'Salt and pepper', 'Corn chips', 'Sour cream', 'Grated cheese', 'Cilantro / coriander leaves', 'Avocado']"
Greek Lemon Potatoes,"['potatoes', 'chicken stock/broth', 'olive oil', 'lemon juice', 'garlic cloves', 'dried oregano', 'salt', 'Lemon wedges, fresh oregano leaves']"
Baklava,"['sheets filo/phyllo pastry', 'walnuts', 'unsalted butter', 'cinnamon powder', 'white sugar', 'lemon juice', 'water', 'honey']"
Greek Chicken,"['drumsticks and chicken thighs', 'garlic cloves', 'white wine vinegar', 'lemon juice', 'extra virgin olive oil', 'Greek yogurt', 'dried oregano', 'salt', 'black pepper', 'Plain Greek yogurt or Tzatziki', 'Fresh oregano leaves']"
Falafel Recipe,"['dried chick peas', 'parsley leaves', 'coriander/cilantro leaves', 'scallions/shallots', 'of garlic', 'cumin', 'coriander', 'salt', 'baking powder', 'flour ', 'water', 'vegetable oil', 'tahini', 'lemon juice', 'water', 'salt', 'Pita bread or other flatbreads', 'Tabbouleh', 'Hummus', 'Shredded lettuce, tomato slices, sliced red or white onion']"
A Mushroom Sauce for Everything!,[]
Chilli Con Carne,"['olive oil', 'garlic cloves', 'onion', 'red capsicum', 'beef mince / ground beef', 'tomato paste', 'can crushed tomato', 'can red kidney beans', 'beef bouillon cubes', 'sugar', 'water', 'Salt and pepper', 'cayenne pepper ', 'paprika powder', 'cumin powder', 'garlic powder', 'onion powder', 'oregano', 'Rice, corn chips, tortillas ', 'Sour cream, yoghurt, grated cheese, coriander./cilantro']"
Tomato Basil Rice,"['olive oil', 'garlic cloves', 'brown onion', 'dried basil', 'long grain white rice', 'chicken broth', 'tomato paste', 'paprika', 'sugar', 'sprig of basil with leaves', 'finely chopped basil']"
Indian Tomato Salad with Mint Dressing,[]
Homemade Filet-O-Fish (BAKED!!),[]
Massaman Curry,"['lemongrass', 'dried red Asian chillis', 'eschallots', 'garlic', 'galangal piece', 'water', 'ground cloves', 'cumin', 'ground nutmeg', 'coriander', 'cardamom', 'cinnamon', 'beef chuck', 'beef broth', 'bay leaves', 'vegetable oil', 'coconut milk', 'cinnamon quill', 'star anise', 'tamarind paste/puree', 'fish sauce', 'white sugar', 'medium-small potatoes', 'peanuts', 'Finely sliced red chilli', 'Asian fried shallots', 'Steamed jasmine rice']"
Crispy Zucchini Fritters,"['zucchini', 'salt', 'large egg', 'green onions', 'parmesan', 'garlic clove', 'flour', 'baking powder', 'of pepper', 'olive oil', 'Yoghurt or sour cream', 'More chopped green onions']"
Strawberry Crumble,"['rolled oats / oatmeal', 'white flour', 'brown sugar', 'baking powder', 'cinnamon powder', 'of salt', 'unsalted butter', 'strawberries', 'cornflour / cornstarch', 'white sugar', 'water', 'vanilla extract', 'Vanilla ice cream']"
Lemon Potato Salad,"['baby potatoes', 'salt', 'green onions', 'parsley', 'extra virgin olive oil', 'lemon juice', 'lemon zest', 'garlic clove, large, minced', 'Dijon mustard', 'sugar', 'salt', 'black pepper']"
Biryani,"['chicken thighs', 'yoghurt', 'water', 'vegetable oil', 'garlic cloves', 'finely grated fresh ginger', 'ground turmeric', 'cinnamon', 'cayenne', 'ground cardamom', 'garam marsala', 'coriander', 'cumin', 'paprika', 'salt', 'salt', 'cloves', 'dried bay leaves', 'star anise', 'green cardamon pods', 'uncooked basmati rice', 'medium onions (yellow, brown)', 'oil', 'saffron threads', 'warm water', 'coriander / cilantro', 'ghee or unsalted butter', 'Crispy onions', 'Chopped coriander / cilantro', 'Yoghurt']"
Slow Cooked Lamb Shanks in Red...,"['lamb shanks', 'EACH cooking/kosher salt and pepper', 'olive oil', 'onion', 'garlic cloves', 'carrot', 'celery', 'red wine', 'can crushed tomatoes', 'tomato paste', 'chicken stock', 'sprigs of thyme', 'dried bay leaves', 'Mashed potato', 'Fresh thyme leaves']"
Chinese Chicken Salad,"['light soy sauce', 'rice vinegar', 'sesame oil (toasted)', 'grapeseed oil', 'sugar', 'fresh ginger', 'garlic clove', 'black pepper', 'Chinese cabbage', 'red cabbage', 'carrot', 'chicken', 'shallots / scallions', 'crunchy noodles', 'sesame seeds']"
Homemade Movie Popcorn (Butter Popcorn),[]
Chinese Ham Bone Rice Soup –...,"['ham bone / hock', 'long grain white rice', 'water', 'Salt & white pepper', 'Finely sliced green onion', 'Fried asian shallots / onions or something else crunchy', 'Sesame oil']"
Marinated Beef Kabobs,"['beef tri tips', 'capsicum / bell peppers', 'large red onion', 'small mushrooms', 'minced garlic', 'onion powder', 'soy sauce', 'Worcestershire sauce', 'balsamic vinegar', 'vegetable oil', 'black pepper', 'flat metal skewers', 'Olive oil', 'Finely chopped parsley']"
Brown Sugar Garlic Butter Roast Pork,"['pork shoulder / butt', 'each salt and pepper', 'unsalted butter', 'brown sugar', 'cider vinegar', 'garlic cloves', 'each salt and pepper']"
Everyday Cabbage Salad,"['shredded green cabbage', 'shredded red cabbage', 'shredded carrot', 'cidar vinegar', 'oil (vegetable or canola, or light olive oil)', 'white sugar (adjust to taste)', 'dijon mustard', 'salt']"
Shakshuka (Middle Eastern Baked Eggs),[]
Char Kway Teow,"['fresh wide rice noodle', 'lard', 'vegetable oil', 'small prawns/shrimp', 'garlic cloves', 'Chinese sausage / Lup Chong Sausage', 'piece of fried fish cake', 'stems garlic chives', 'bean sprouts', 'eggs', 'dark soy sauce', 'light soy', 'oyster sauce', 'kecap manis / sweet soy sauce']"
Strawberry Ice Cream (No Churn),"['strawberries', 'white sugar', 'vanilla extract', 'sweetened condensed milk', 'cream']"
Broccoli Salad with Lighter Creamy Dressing,[]
Creamy Broccoli Casserole (Gratin),[]
Chicken Fajitas,"['lime juice', 'orange juice', 'olive oil', 'garlic cloves', 'cumin powder', 'salt', 'black pepper', 'skinless chicken thighs or 2 large chicken breasts', 'olive oil', 'capsicums / bell peppers', 'large onion', 'small tortillas', 'large avocado', 'Sour cream', 'Fresh lime wedges']"
Sticky Date Pudding,[]
Lemon Chicken Salad,"['lemon zest', 'lemon juice', 'honey', 'Dijon mustard', 'extra virgin olive oil', 'large garlic clove', 'salt + 1/4 tsp black pepper', 'large chicken breast', 'lemon juice', 'Salt and pepper', 'olive oil', 'finely chopped dill', 'cos/romaine lettuce', 'cherry tomatoes', 'medium avocado', 'red onion', 'corn kernels', 'bacon']"
Dal (Indian Lentil Curry),"['ghee', 'green cayenne chillies', 'medium onion', 'garlic cloves', 'ginger', 'fresh curry leaves', 'tomato', 'ground cumin', 'dried chana dal', 'water', 'turmeric powder', 'garam marsala', 'salt', 'ghee', 'eschalot or 1/4 small onion', 'cumin seeds', 'black mustard seeds', 'dried chillies', 'Fresh coriander/cilantro sprigs', 'Steamed basmati rice']"
Coleslaw,"['green cabbage', 'medium carrot', ""Hellman's mayonnaise"", 'sour cream or yoghurt,', 'apple cider vinegar', 'Dijon mustard', 'white sugar', 'celery salt', 'black pepper']"
Chinese Steamed Pork Buns,"['active dry yeast powder', 'warm water', 'white sugar', 'warm water', 'white sugar', 'plain flour', 'cornflour / cornstarch', 'vegetable oil', 'baking powder', 'vegetable oil', 'finely chopped escalot or white onion', 'sugar', 'soy sauce', 'oyster sauce', 'sesame oil', 'water', 'cornflour dissolved in 1 tbsp water', 'Chinese Barbecue Pork']"
Quesadilla!!!,"['flour tortillas', 'shredded Monterey Jack cheese', 'roughly chopped coriander/cilantro', 'corn kernels', 'ONE Filling of Choice, below', 'each onion powder, dried oregano, salt', 'each cumin powder, paprika', 'each black pepper, cayenne pepper (optional)', 'olive oil', 'garlic cloves', 'onion', 'ground beef / mince', 'small red capsicum/bell peppers', 'tomato paste', 'water', 'olive oil', 'chicken thighs', 'garlic cloves', 'small onion', 'small red capsicum/bell pepper', 'vegetable oil', 'onion', 'garlic', 'can of black beans, drained', 'capsicum/bell pepper', 'corn', 'tomato paste', 'water']"
Avocado Sauce,"['large', 'sour cream or yoghurt', 'small clove of garlic', 'Juice of 1/2 lemon', 'olive oil', '(packed) coriander / cilantro, roughly chopped', 'Salt and pepper to taste']"
Garlic Chicken Thighs,"['skinless boneless chicken thighs', 'garlic powder', 'Salt and pepper', 'olive oil', 'dry white wine', 'unsalted butter', 'large garlic cloves', 'Finely chopped parsley']"
Magic Caramel Self Saucing Baked Apples,[]
Request a recipe!,[]
Easy Homemade Pastrami (No Smoker),[]
Pasta Salad with Sun Dried Tomatoes,[]
Slow Cooked Lamb Shoulder,[]
Omelette,"['butter', 'eggs', 'cream (or 1 ½ tbsp milk)', 'Salt and pepper', 'grated cheese', 'butter or olive oil', 'mushrooms', 'small garlic clove', 'of fresh thyme leaves and finely chopped parsley']"
Avocado Hummus,"['large avocado, 300g/10oz whole (or 2 medium)', 'can chickpeas, drained (~14oz / 420g)', 'tahini (sesame paste) OR yoghurt', 'fresh lemon or lime juice', 'coriander / cilantro leaves, packed (some stems ok)', 'extra virgin olive oil', 'large garlic clove', 'Salt and pepper to taste', 'water as required', 'Extra virgin olive oil', 'Coriander/cilantro leaves', 'Pine nuts']"
Corn Salad with Avocado,[]
Singapore Noodles,"['soy sauce', 'Chinese cooking wine', 'curry powder (hot or ordinary, Note 3)', 'sugar', 'white pepper (black also ok)', 'dried rice vermicelli noodles', 'peanut oil', 'medium raw shrimp / prawns', 'eggs', 'medium onion', 'garlic cloves', 'ginger', 'Chinese barbecue pork (Char Siu), thinly sliced (Note 5)', 'red capsicum / bell pepper', 'thinly sliced hot green pepper (adjust to taste, optional)']"
Apple Crumble,"['Granny Smith Apples( green apples)', 'flour', 'white sugar', 'lemon juice', 'ground cinnamon', 'rolled oats / oatmeal', 'flour', 'brown sugar', 'baking powder', 'cinnamon powder', 'unsalted butter', 'Pinch of salt', 'Vanilla ice cream']"
Spinach Artichoke Dip,[]
Chinese Lettuce Wraps (San Choy Bow...,[]
Steak with Creamy Peppercorn Sauce,[]
Macaroni Salad,"['macaroni elbow pasta', 'salt ', 'celery', 'red capsicum / bell peppers', 'green onions', 'medium carrot', 'mayonnaise', 'yoghurt or sour cream', 'cider vinegar', 'Dijon mustard', 'sugar', 'garlic powder', 'salt', 'pepper']"
"Big, Juicy Hamburgers",[]
Garlic Butter Rice with Kale,"['kale sliced leaves', 'extra virgin olive oil', 'Salt and pepper', '(30g) unsalted butter', 'large garlic cloves', 'uncooked white rice', 'chicken broth', '(15 - 30g) butter', 'chopped almonds']"
Mushroom Rice,"['olive oil', 'butter', 'mushrooms', 'garlic cloves', 'small onion', 'long grain rice, uncooked', 'vegetable stock / broth', 'green onions', 'Optional: More butter to stir through']"
Savoury Cheese Muffins,[]
Slow Cooker Beef Brisket with BBQ...,"['beef brisket', 'olive oil ', 'brown sugar', 'paprika powder', 'onion powder', 'garlic powder', 'cumin powder', 'mustard powder', 'salt', 'black pepper', 'garlic cloves', 'apple cider vinegar', 'ketchup', 'brown sugar', 'EACH black pepper, onion powder, mustard powder', 'cayenne pepper', 'Worcestershire sauce']"
Mexican Avocado Chicken Salad,[]
Creamy Prawn Risotto (Shrimp),[]
Chocolate Buttercream Frosting,"['unsalted butter, softened', 'soft icing sugar / powdered sugar', 'cocoa powder', 'milk ', 'vanilla extract']"
A Big Mexican Fiesta That’s Easy...,[]
Easy Coconut Curry Sauce,[]
Scones,[]
Chinese Beef and Broccoli,"['cornstarch / cornflour', 'water', 'sugar', 'dark soy sauce', 'light soy sauce', 'Chinese cooking wine', 'Chinese five spice powder', 'sesame oil (optional)', 'tsp black pepper', 'oil', 'beef fillet, flank or rump', 'garlic clove, finely chopped', 'fresh ginger, finely chopped', 'broccoli florets ', 'water', 'Sesame seeds (optional)']"
Veggie Burgers,"['mushrooms, sliced', 'olive oil', 'can cannellini beans, drained (Note 1)', 'large carrot , grated', 'cashews, raw unsalted (Note 2)', 'panko breadcrumbs (Note 3)', 'grated parmesan', 'egg', 'mayonnaise', 'garlic clove', 'each paprika, salt and pepper', 'cooked brown rice (Note 4)', 'green onions', 'olive oil (or other)', 'Soft buns, lettuce, tomato, cheese, pickles, sauces, avocado, beetroot', 'French fries', 'Baked potato wedges']"
Chicken and Rice Soup,"['olive oil', 'butter', 'garlic cloves', 'onion', 'carrots', 'celery ribs', 'Vegeta stock powder', 'dried parsley', 'dried thyme, optional', 'black pepper', 'chicken broth', 'water', 'bone in', 'long grain white rice', 'Salt, adjust to taste', 'finely chopped parsley']"
Quiche Lorraine,"['homemade quiche crust', 'sheets shortcrust', 'prepared pie shell', 'butter', 'garlic clove', 'onion, finely chopped', 'bacon, cut into small strips (1.5 x 0.5cm / 2/3"" x 1/5"")', 'eggs (~55- 65g / 2 oz each)', 'heavy cream (thickened cream) (Note 1)', 'of salt & pepper', 'grated gruyere cheese (or tasty, cheddar, monterey jack)', 'bacon, chopped and cooked until golden']"
Pork Stir Fry with Green Beans,[]
Chicken Tikka Masala,"['chicken thigh', 'plain yoghurt,', 'garlic', 'fresh ginger', 'garam masala', 'each salt, cumin, ground coriander, paprika (sweet, normal or smokey)', 'vegetable oil', 'cayenne pepper', 'black pepper', 'lemon juice', 'oil', 'turmeric', 'garam masala', 'coriander', 'cumin', 'cardamom powder', 'cayenne pepper', 'vegetable oil', 'unsalted butter OR ghee', 'onion, finely chopped', 'salt', 'fresh ginger', 'garlic', 'paprika', 'tomato passata', 'water', 'cream', 'sugar', 'unsalted butter OR ghee', 'Basmati rice']"
Killer Lemon Butter Sauce for Fish,[]
Kale and Quinoa Salad,"['(packed) kale leaves (Note 1)', 'extra virgin olive oil', 'each salt and pepper', 'quinoa, any colour', 'water', 'Zest of 1 large lemon', 'lemon juice', 'extra virgin olive oil', 'Dijon mustard', 'garlic clove', 'sugar', 'each salt and pepper', 'dill leaves', 'coriander/cilantro leaves', 'red onion', 'chopped roasted almonds', 'g/3.5oz crumbled feta']"
Chocolate Cake,"['plain / all purpose flour', 'cocoa powder', 'baking powder', 'baking soda (bi-carb soda)', 'white sugar', 'salt', 'eggs', 'milk', 'vegetable oil', 'vanilla extract', 'boiling water', 'Chocolate Buttercream Frosting']"
Easter Recipes You’ll Love!,[]
Chinese Dumplings – Pork (Potstickers),[]
Fish Pie (for Easter!),[]
Japanese Knife Giveaway! *CLOSED*,[]
Lemon Cake with Lemon Glaze,[]
Creamy Tomato Pasta,"['spaghetti', 'unsalted butter', 'garlic cloves', 'onion', 'tomato passata', 'heavy / thickened cream', 'milk', 'parmesan', 'dried basil, or other herb of choice', 'chicken or vegetable stock powder', 'Finely ground pepper + salt']"
Stir Fried Peanut Sauce Noodles,"['crunchy peanut butter', 'fish sauce', 'dark soy sauce', 'sugar', 'cornflour / cornstarch', 'garlic clove', 'grated ginger', 'curry powder', 'water', 'thinly sliced chicken breast', 'bicarb / baking soda', 'dried rice noodles', 'oil', 'garlic', 'onion', 'shredded carrot', 'shredded cabbage', 'beansprouts', 'Finely chopped coriander/cilantro', 'Crushed peanuts']"
Peanut Sauce for Stir Fries,[]
Middle Eastern Chickpea Salad,[]
Beef and Rice with Veggies,[]
Thai Red Curry with Chicken,"['Thai Red Curry Paste', 'quantity homemade Thai Red Curry Paste', 'large garlic cloves', 'fresh ginger', 'lemongrass paste', 'vegetable oil', 'chicken broth/stock', 'coconut milk', 'kaffir lime leaves', 'sugar', 'fish sauce', 'chicken thighs', 'pumpkin or butternut squash,', 'green beans', 'Thai basil leaves', 'Fresh red chilli slices', 'Fresh coriander / cilantro leaves', 'Steamed jasmine rice']"
Thai Red Curry Paste,"['dried chillis', 'lemongrass', 'grated galangal, peeled and grated', 'garlic cloves, peeled whole', 'shrimp paste in oil', 'ground coriander', 'ground cumin', 'chopped coriander/cilantro stem and roots', 'red shallots', 'lime zest', 'reserved chilli soaking water']"
Super Low Cal Healthy Creamy Vegetable...,[]
Ultra Crispy Smashed Potatoes,[]
Sesame Crusted Salmon,"['x 150-200g / 5-7 oz skinless boneless salmon or trout fillets', 'Salt and pepper', 'white sesame seeds', 'vegetable or canola oil', 'Sliced shallots / scallions', 'dried soba noodles', 'bunches baby buk choi', 'soy sauce', 'vegetable or canola oil', 'rice vinegar', 'Mirin', 'sugar', 'fresh ginger', 'garlic']"
Cheesy Zucchini Bread (No Yeast),"['grated zucchini', 'salt', 'Swiss cheese', 'milk', 'melted butter', 'canola oil', 'eggs', 'small garlic cloves', 'white vinegar', 'plain / all purpose flour', 'baking powder', 'baking soda', 'salt']"
Slow Cooked Lamb Shawarma,"['lamb shoulder (bone in) or 1.7 kg / 3.5 lb butterflied lamb leg (Note 1)', 'garlic cloves', 'ground coriander', 'ground cumin', 'ground cardamon', 'cayenne pepper', 'smoked paprika', 'salt', 'black pepper', 'extra virgin olive oil', 'lemon juice', 'water']"
Crispy Parmesan Crusted Chicken Breast,[]
No Bake Mango Cheesecake,"[""Arnott's Marie Biscuits (17 crackers), or digestives, Graham Crackers or other plain sweet biscuit"", 'unsalted butter', 'white sugar', 'mango flesh', 'gelatin powder', 'cold tap water', 'Philadelphia cream cheese, softened', 'caster sugar', 'whipping cream*', 'gelatin powder', 'cold tap water', 'lemon juice', 'whipping cream*', 'white sugar', 'vanilla extract', 'large mango, cut into cubes', 'passionfruit']"
Salisbury Steak with Mushroom Gravy,"['onion', 'panko breadcrumbs', 'ground beef (mince)', 'garlic clove', 'egg', 'ketchup', 'beef bouillon cube', 'Worcestershire sauce', 'dijon mustard ', 'olive oil', 'garlic cloves', 'onion', 'mushrooms', 'unsalted butter', 'flour', 'beef broth / stock', 'water', 'dijon mustard', 'Worcestershire sauce', 'Salt and pepper']"
Lemon Garlic Marinated Grilled Pork Chops,[]
Gift for You: Asian Takeout Recipe...,[]
Smoked Salmon Dip,"['smoked salmon', 'Philadelphia cream cheese', 'sour cream', 'mayonnaise', 'fresh dill', 'garlic clove', 'lemon zest', 'lemon juice', 'of salt and pepper']"
Cheese and Ham Pancakes,[]
"Another Christmas, Another Dodgy Selfie",[]
Prawn Dipping Sauces (Seafood Sauces),[]
Christmas Trifle!,"['x 450g / 14 oz Madeira cake or Pound cake store bought (Note 1)', 'orange or other fruit flavoured liquor (like Cointreau), or apple, orange or other fruit juice ', 'gelatine powder', 'Cranberry juice, original', 'strawberries', 'each punnet blueberries, raspberries', 'heavy / thickened cream', 'white sugar', 'vanilla extract', 'milk', 'caster sugar', 'vanilla bean paste', 'caster sugar', 'egg yolks', 'cornflour / cornstarch']"
Never Ending Meringue Tart,"['egg whites', 'caster sugar', 'heavy whipping cream', 'vanilla extract', 'caster sugar', 'large mangoes', 'strawberries', 'raspberries and blueberries', 'Icing sugar / powdered sugar', 'Chopped fresh mint']"
A Very (Easy) Aussie Christmas Feast,[]
Oven Baked Chicken and Rice Pilaf...,"['chicken thigh fillets', 'small onion', 'garlic clove', 'unsalted butter', 'long grain white rice', 'apple juice', 'chicken broth ', 'dried cranberries (or other dried fruit of choice)', 'walnuts , roughly chopped (or other nuts of choice)', 'red apple', 'dried rosemary', 'dried thyme', 'salt', 'pepper', 'apricot jam', 'Dijon mustard', 'garlic powder', 'All Spice', 'paprika', 'salt', 'black pepper', 'Oil spray', 'Fresh parsley']"
Lamb Shawarma Chickpea Soup,"['EACH cumin powder, coriander, paprika', 'cardamon powder', 'cinnamon powder', 'cayenne pepper', 'black pepper', 'salt', 'olive oil', 'garlic cloves', 'onion', 'lamb mince', 'tomato paste', 'carrots', ' canned chickpeas', 'can crushed tomato', 'chicken broth / stock', 'bunch spinach', 'Plain yoghurt', 'Chopped fresh coriander / cilantro']"
Homemade Gourmet Crackers,"[""milk (any fat % cow's milk)"", 'brown sugar', 'plain unsweetened yoghurt', 'plain flour', 'whole wheat / wholemeal flour', 'dried cranberries', 'baking soda / bi-carb', 'rolled oats \xa0', 'sunflower seeds', 'ground turmeric', 'cinnamon', 'nutmeg', 'dried thyme', 'dried rosemary', 'salt', 'black pepper']"
Cocktail Meatballs with Sweet & Sour...,"['panko breadcrumbs', 'onion', 'beef mince', 'pork mince', 'egg', 'garlic clove', 'Worcestershire Sauce', 'salt', 'black pepper', 'cornflour/ cornstarch', 'water', 'apple cider vinegar', 'brown sugar', 'tomato ketchup', 'soy sauce', 'Finely chopped chives']"
Blueberry Lemon Yoghurt Cake,"['blueberries, fresh', 'plain flour', 'white sugar', 'vegetable or canola oil', 'eggs', 'grated lemon rind', 'lemon juice', 'plain yoghurt', 'plain flour', 'baking powder', 'of salt']"
"Thai Prawn, Mango and Avocado Noodle...",[]
Homemade Chicken Doner Kebab recipe,[]
Slow Cooker Roast Lamb Leg,"['lamb leg, bone in', 'salt', 'black pepper', 'large garlic cloves', 'dried thyme OR rosemary', 'olive oil', 'beef stock', 'sprig rosemary', 'butter', 'flour', 'braising liquid from slow cooker', 'Salt and pepper']"
Roast Turkey Breast with Garlic Herb...,[]
Wild Rice Salad,"['wild rice', 'baby rocket / arugula', 'pomegranate', 'feta', 'dried cranberries', 'roughly chopped toasted pecans', 'green onions', 'white wine vinegar', 'extra virgin olive oil', 'garlic clove', 'sugar', 'salt', 'black pepper']"
Pecan Pie,"['plain white flour', 'salt', 'white sugar', 'unsalted butter', 'ice cold water', 'pecans', 'pecans', 'eggs', 'brown sugar, packed', 'unsalted butter', 'light corn syrup', 'vanilla extract', 'salt', 'bourbon']"
Lemon Honey Glazed Salmon,"['salmon fillets', 'olive oil', 'butter', 'large garlic clove', 'honey', 'lemon juice', 'flour', 'paprika', 'garlic powder', 'mustard powder', 'salt', 'black pepper', 'Finely chopped parsley or chives', 'Lemon slices']"
Thai Chicken Salad,"['chicken breast', 'mixed lettuce leaves', 'cherry or grape tomatoes', 'small cucumber', 'red onion', 'large red chilli', 'roasted cashews', 'coriander / cilantro leaves', 'finely chopped coriander/cilantro stems', 'Chilli Garlic Sauce', 'small garlic', 'fresh lime juice (or rice vinegar)', 'fish sauce', 'canola oil', 'sugar']"
Creamy Garlic Prawn Pasta,"['fettuccine', 'butter', 'small peeled prawns / shrimp, raw', 'garlic cloves', 'dry white wine', 'heavy / thickened cream', 'chicken broth', 'finely grated parmesan cheese (1.5 oz)', 'finely chopped parsley', 'Black pepper', 'Parmesan']"
Mexican Red Rice,"['olive oil', 'garlic cloves', 'small white onion', 'long grain white rice', 'chicken or vegetable broth', 'tomato paste', 'salt', 'serrano or jalapeno pepper', 'sprig coriander / cilantro', 'Finely chopped coriander / cilantro leaves']"
Thai Meatballs,"['pork mince', 'lemongrass paste (or finely chopped fresh) (Note 1)', 'grated ginger', 'garlic', 'kaffir lime leaves, stem removed and very finely shredded, optional extra (Note 2)', 'Thai or birds eye chillies', 'coriander/cilantro', 'sugar (any)', 'fish sauce (can sub with soy sauce if required)', 'panko breadcrumbs', 'small egg', 'Oil spray', 'sweet chilli sauce', 'garlic clove', 'lime juice', 'Coriander/cilantro leaves', 'Steamed jasmine rice']"
Magic Stay-Moist Apple Muffins,[]
Vietnamese Coconut Caramel Chicken,"['chicken thighs', 'brown sugar', 'water', 'coconut milk', 'fish sauce', 'rice vinegar', 'garlic cloves', 'eschallot / French onion', 'white pepper', 'shallot', 'large red chilli']"
Corn Chowder with Bacon,"['ears of corn', ' frozen or canned corn', 'butter', 'bacon', 'butter', 'garlic clove', 'small onion', 'flour', 'chicken broth', 'milk', 'potatoes', 'sprigs of thyme OR 1 tsp dried thyme', 'cream', 'shallots / scallions', 'Salt and finely ground pepper to taste']"
Hummus,"['canned chickpeas (1 can)', 'liquid from the canned chickpeas', 'medium garlic clove', 'fresh lemon juice', 'tahini, hulled ', 'extra virgin olive oil', 'Salt and pepper', 'Pinch of paprika, more olive oil and reserved chickpeas']"
Baked Mushroom Rice,"['mushrooms', 'butter', 'garlic cloves', 'Salt and pepper', 'olive oil', 'long grain rice', 'chicken or vegetable broth', 'water', 'dried thyme', 'garlic powder', 'shallots / green onions / scallions', 'butter']"
Homemade Frozen Pizzas (Quick ‘n Easy),[]
Chinese Beef and Broccoli Noodles,[]
Spicy Italian Chicken Casserole,"['chicken thighs , skin on, bone in (about 200g / 7 oz each) (Note 1 for breast)', 'Salt and pepper', 'olive oil', 'garlic cloves', 'medium onion', 'EACH red and green capsicum / bell pepper', 'white or red wine (any is fine, I use dry white) (Note 2 for subs)', 'can crushed tomato', 'water', 'red pepper flakes', 'black olives', 'baby capers', 'Salt and pepper to taste', 'finely chopped parsley']"
Roasted Sweet Potato Stacks,"['sweet potato', 'unsalted butter', 'olive oil', 'finely chopped fresh rosemary', 'salt', 'black pepper']"
Vietnamese Caramel Pork,"['brown sugar, tightly packed', 'water', 'pork shoulder', 'coconut water', 'eschallot / shallot', 'garlic cloves', 'fish sauce', 'white pepper', 'Red chilli and finely sliced shallots/green onions']"
Roasted Parmesan Crusted Cauliflower,"['large head of cauliflower', 'olive oil', 'Black pepper', 'Oil spray', 'Finely chopped parsley', 'grated parmesan', 'panko breadcrumbs', 'dried oregano or thyme', 'paprika', 'black pepper']"
Baked Chicken Meatballs and Spaghetti,[]
Butter Cake (sponge cake),[]
Rissoles!!,"['small brown onion', 'panko breadcrumbs', 'beef mince', 'small zucchini', 'small carrot', 'egg', 'large garlic clove', 'dried thyme', 'oregano', 'each salt and pepper', 'Worcestershire Sauce', 'oil', 'Tomato Ketchup!']"
"Roast Pumpkin, Spinach and Feta Salad","['pumpkin', 'olive oil', 'Salt and pepper', 'extra virgin olive oil', 'balsamic vinegar', 'honey', 'Salt and pepper', 'pine nuts', 'baby spinach leaves (4 handfuls)', 'feta']"
Healthy Homemade Granola – Build Your...,[]
Chicken with Mushroom Gravy,"['chicken breasts, boneless skinless,', 'Salt and pepper', 'olive oil', 'butter', 'butter', 'mushrooms', 'garlic clove', 'flour', 'beef broth', 'Thyme or parsley']"
Spinach and Ricotta Cannelloni,[]
Crispy Roasted Parmesan Potatoes,"['baby potatoes', 'olive oil', 'grated parmesan', 'garlic powder', 'dried oregano or thyme', 'paprika', 'salt', 'black pepper', 'sour cream, or sub with plain yoghurt', 'finely chopped green onions/scallions']"
Oven Baked Rice and Vegetables (ONE...,[]
World’s Best Easy Peanut Butter Cookies,[]
Healthy Creamy Zucchini Soup,"['olive oil or butter', 'garlic cloves', 'large onion', 'zucchinis', 'vegetable or chicken broth', 'water', 'cream, heavy / thickened (or light or add a good knob of butter instead)', 'milk', 'Cream', 'Finely shredded parmesan']"
Sausage Pasta,"['spiral pasta', 'good Italian sausages', 'olive oil', 'small onion', 'garlic cloves', 'crushed tomato', 'chilli flakes / red pepper flakes', 'Salt and pepper', 'big handfuls baby spinach', 'Basil leaves', 'Parmesan']"
Osso Buco,"['thick veal osso bucco', 'Salt and pepper', 'Kitchen string', 'olive oil', 'small onion', 'garlic cloves', 'small carrot', 'celery stick', 'can crushed tomato', 'dry white wine', 'chicken broth', 'chicken bouillon cube', 'tomato paste', 'sprigs thyme or 1 ½ tsp dried thyme', 'bay leaves', 'parsley leaves (flat or curly), lightly packed', '– 3 tsp lemon zest', 'garlic clove', 'Risotto Milanese']"
Salted Caramel Tart,"['plain sweet biscuits, about 2 cups (packed) crushed', 'unsalted butter', 'unsalted butter', '(packed) brown sugar', 'cans sweetened condensed milk (395g / 14oz each)', 'salt', 'heavy/thickened cream', 'dark chocolate melts / chips', 'Sea salt flakes, for topping']"
Homemade Cream of Chicken Soup,[]
Sesame Noodles,"['fresh egg noodles', 'green onions', 'sesame seeds,', 'crushed peanuts,', 'dark soy sauce', 'normal soy sauce', 'rice vinegar', 'sesame oil', 'fresh grated ginger', 'garlic clove', 'white sugar', 'peanut butter', 'Chinese sesame paste or tahini', 'garlic chilli paste, like Sambal Oelak, or Sriracha (adjust to taste)']"
Cheesy Chicken Patties with Broccoli,[]
San Fran Chicken Salad with Yoghurt...,"['Greek yoghurt, preferably full fat', 'olive oil', 'small garlic clove, minced', 'EACH dried dill, parsley, chives, onion powder, garlic powder, salt, black pepper (Note 1)', 'white sugar', 'Squeeze of lemon juice, to taste', ' chicken breast, halved horizontally', 'lemon juice', 'small garlic clove, minced', 'oil, for cooking', 'red onion, halved then finely sliced', 'salt', 'white sugar', 'white wine vinegar, or cider vinegar', 'kale, torn into bite size pieces (Note 2)', 'extra virgin olive oil', 'of salt', 'grapefruit or orange', 'cos lettuce, romaine or other crispy lettuce, torn or cut into bite size pieces', 'fennel, shaved (0.5 mm / 1/5"" thickness) or finely sliced', 'Handful snow pea sprouts, optional', 'shredded parmesan']"
Life Changing Queso Dip (Mexican Cheese...,[]
New York Food Map (Use It...,[]
Vegetable Curry,"['curry powder', 'All Spice powder', 'nutmeg powder', 'smoked paprika', 'dried thyme leaves', 'cumin powder', 'cayenne pepper', 'pepper', 'cooking oil', 'large onion', 'large red chilli / cayenne pepper', 'large garlic cloves', 'large red capsicum / bell pepper *', 'canned crushed tomato', 'vegetable or chicken broth', 'zucchini', 'sweet potato *', 'cauliflower florets *', 'frozen peas *', 'handfuls baby spinach', 'finely chopped coriander/cilantro', 'Salt and pepper', 'Yoghurt', 'Basmati rice', 'White rice']"
Quick Satay Peanut Stir Fry,[]
Chicken Burger!,"['flour', 'salt', 'black pepper', 'paprika', 'thyme', 'garlic powder', 'onion powder', 'olive oil', 'large onions', 'chicken breast (2 pieces)', 'slices Swiss or other melting cheese slices', 'soft rolls', 'avocado', 'Lettuce', 'large tomatoes', 'mayonnaise', 'large garlic clove', 'French fries', 'Baked potato wedges']"
Ultra Lazy HEALTHY Chicken and Broccoli...,[]
Healthy Vegetable Soup (Extra Tasty!),[]
Teriyaki Chicken Meatballs,"['cornflour / cornstarch', 'soy sauce', 'cooking sake', 'Mirin', 'white sugar', 'water', 'chicken mince (ground chicken) (or pork or turkey)', 'egg', 'panko breadcrumbs', 'garlic clove', 'cooking sake', 'salt', 'oil', 'Sliced green onions / scallions', 'Sesame seeds']"
Flourless Chocolate Cake,"['dark chocolate chips', 'unsalted butter', 'white sugar', 'large eggs', 'vanilla', 'cocoa powder', 'baking powder', 'almond meal / almond flour']"
Sexy Lentil Salad,"['dried green lentils', 'vegetable or chicken broth', 'water', 'large garlic clove', 'Lemon peel', 'bay leaf', 'sprigs thyme', 'rib celery', 'cherry tomatoes', 'cucumbers', 'red onion', 'coriander / cilantro', 'parsley', 'feta', 'handfuls rocket / arugula lettuce', 'lemon zest', 'lemon juice', 'extra virgin olive oil', 'Dijon mustard', 'garlic clove', 'sugar, optional', 'salt + black pepper']"
Slow Cooked Shredded Beef Ragu Pasta,"['chuck beef ', 'salt', 'Black pepper', 'olive oil', 'garlic', 'onion', 'carrots', 'celery', 'crushed canned tomatoes', 'tomato paste', 'beef bouillon cubes', 'red wine', 'water', 'dried thyme', 'dried bay leaves', 'dried pappardelle', 'Freshly grated parmesan cheese or parmigiano reggiano', 'Fresh parsley']"
"Pig Out Salsa (Chorizo, Black Bean...",[]
Epic Chunky Beef and Mushroom Pie,"['dried porcini mushrooms', 'boiled water', 'chuck beef', 'vegetable oil', 'garlic cloves', 'onion', 'celery', 'carrot', 'carrots', 'flour', 'dark ale', 'beef stock', 'sprigs thyme or 1 tsp dried thyme leaves', 'bay leaves', 'bacon', 'Swiss brown mushrooms', 'sheets puff pastry', 'egg yolk']"
Creamy Garlic Prawns (Shrimp) & Cheesy...,[]
Easy Pumpkin Gnocchi with Sage Butter...,[]
Chicken Stir Fry with Rice Noodles,"['chicken breast', 'cornflour / cornstarch', 'oil', 'oyster sauce', 'dark soy sauce', 'each sesame oil, sugar ', 'Chinese cooking wine', 'white pepper', 'water', 'dried rice noodles', 'oil', 'garlic clove', 'small onion', 'bunch choy sum or other Asian greens', 'red capsicum / bell pepper', 'carrot', 'mushrooms', 'Sesame seeds and finely sliced green onions/scallions']"
"Pancakes – fluffy, quick, no fail",[]
Chinese Chicken (Char Siu!),[]
No Knead Cinnamon Rolls,"['dry yeast', 'caster sugar', 'warm water', 'plain flour / all purpose flour', 'salt', 'milk', 'unsalted butter', 'large eggs', 'plain flour', 'unsalted butter', 'brown sugar', 'cinnamon powder', 'cream cheese', 'unsalted butter', 'vanilla extract', 'soft icing sugar / powdered sugar', 'milk']"
Tuna Pasta Bake,"['olive oil', 'garlic cloves', 'small onion', 'crushed tomato', 'tomato paste (optional, thickens sauce slightly)', 'water', 'Italian mixed herbs', 'salt', 'black pepper', 'can chunk tuna', 'spiral pasta', 'shredded mozzarella cheese', 'Olive Oil']"
Carne Asada,"['garlic', 'orange juice', 'lime juice', 'finely chopped coriander / cilantro', 'salt', 'black pepper', 'olive oil', 'jalapeno', 'white vinegar (any clear or clear-ish vinegar will be ok here e.g. white wine vinegar, cider vinegar)', 'Oil', 'skirt of flank (I used a 900g/1.8lb skirt) (Note 1)', 'Tortillas', 'Avocado Slices', 'Pico De Gallo or Tomato', 'Coriander/cilantro leaves', 'Lime wedges']"
Chocolate Chip Cookies (Soft!),[]
Super Easy French Onion Soup Dip,[]
Baked Broccoli Cheese Balls,"['roughly chopped soft cooked broccoli (well drained)', 'panko breadcrumbs', 'eggs', 'shredded cheese', 'shallots / scallions', 'garlic', 'salt', 'Black pepper', 'Olive oil spray', 'plain yoghurt', 'Zest of 1/2 lemon', 'lemon juice', 'garlic clove', 'extra virgin olive oil', 'Salt and pepper, to taste']"
Beef Rendang,"['dried chilies, rehydrated in boiling water, or 12 large fresh (Note 1a)', 'small onion, finely chopped (Note 1b)', 'garlic, minced', 'lemongrass stalks, white part only, sliced (Note 2)', 'fresh galangal, finely chopped (Note 3)', 'fresh ginger, minced', 'oil (vegetable, canola or peanut oil)', 'chuck steak, or other slow cooking beef, cut into 4cm / 1.6"" cubes (Note 4)', 'oil (vegetable, peanut, canola)', 'cinnamon stick', 'clove powder', 'star anise', 'cardamon powder', 'lemongrass stick, bottom half of the stick only and smashed (Note 5)', 'coconut milk (1 standard can)', 'tamarind puree / paste, or tamarind pulp soaked in 1 tbsp of hot water, seeds removed (Note 6)', 'large kaffir lime leaves (or 6 small) , very finely sliced (Note 7)', 'desiccated coconut (finely shredded coconut)', 'brown sugar or grated palm sugar', 'salt']"
Tomato Bacon Pasta,"['spaghetti or other long strand pasta of choice', 'olive oil', 'bacon', 'garlic clove', 'onion', 'canned crushed tomato', 'Salt and pepper', 'Pinch of sugar', 'Extra virgin olive oil', 'Finely chopped parsley']"
Lemon Parmesan Cabbage Salad with Grilled...,"['small chicken breasts', 'soy sauce', 'lemon juice', 'dried oregano', 'garlic clove', 'Black pepper', 'olive oil', 'heaped cups shredded green cabbage', 'red onion', 'peas', 'fresh mint leaves', 'freshly grated parmesan', 'fresh lemon juice', 'extra virgin olive oil', 'Black pepper']"
Lasagna!,"['olive oil', 'onion', 'medium carrot', 'celery stick', 'garlic cloves', 'beef mince', 'canned crushed tomato', 'tomato paste', 'pinot noir red wine', 'beef bouillon cubes', 'bay leaves', 'EACH dried thyme and oregano', 'Worcestershire Sauce', 'sugar', 'salt and black pepper', 'butter', 'flour', 'milk', 'gruyere or Colby cheese', 'Pinch of freshly ground nutmeg', 'Salt and pepper', 'fresh lasagna sheets', 'mozzarella cheese', 'Finely chopped basil or parsley']"
Honey Garlic Salmon,"['honey', 'soy sauce (all purpose or light soy sauce)', 'white vinegar', 'large garlic clove (or 2 small)', 'salmon or trout fillets, skinless', 'Olive oil', 'Salt and pepper', 'Sesame seeds', 'Finely sliced chives or shallots/scallions']"
Thai Coconut Chicken,"['garlic', 'ginger', 'chilli', 'lemongrass (OR paste)', 'coriander powder', 'tumeric powder', 'curry powder', 'brown sugar', 'fish sauce', 'coconut milk', 'chicken thigh fillets', 'Oil for cooking', 'coconut milk', 'peanut butter, smooth', 'Hoisin Sauce', 'lime juice', 'garlic clove', 'chilli paste or fresh chilli', 'Finely chopped coriander / cilantro and more chilli', 'Lime wedges']"
Best EASY Chocolate Cupcakes (no stand...,[]
Oven Baked Italian Meatballs,"['onion, finely chopped', 'garlic cloves, minced', 'olive oil', 'crushed tomato (2 x standard cans)', 'chicken broth', 'red pepper (chili) flakes (optional)', 'dried Italian herb mix (parsley, basil, thyme, oregano)', 'salt + black pepper', 'lightly packed cup of sliced white sandwich bread, torn into small pieces, crusts removed (Note 1)', 'onion, grated - including juices (yellow, brown or white)', 'ground beef (beef mince)', 'ground pork (mince) or substitute with ground beef (beef mince) (Note 2)', 'egg', 'fresh parsley, finely chopped (Note 3)', 'garlic cloves, minced', 'Parmigiano-Reggiano (or parmesan), freshly grated', 'salt', 'black pepper', 'Olive oil spray (or other oil spray)', 'Fresh parsley, chopped', 'Parmigiano-Reggiano or parmesan, freshly grated']"
Baked Balsamic Chicken,"['chicken thighs (5 pieces, bone in, skin on), or drumsticks or wings (any combination) (Note 1)', 'balsamic vinegar', 'soy sauce', 'honey', 'brown sugar', 'garlic cloves, minced ']"
Cowboy Rice Salad,"['cooked brown rice', 'lime juice', 'olive oil', 'honey', 'chipotle powder', 'cumin powder', 'garlic powder', 'salt', 'Black Pepper', 'red capsicum/bell pepper', 'green capsicum/bell pepper', 'small red onion', 'x 400g (14oz) corn kernels', 'x 400g (14oz) black beans', 'tomatoes', 'coriander/cilantro leaves']"
Easy Creamy Cheesy Potato Bake,"['potatoes ', 'milk ', 'thickened cream (heavy cream)', 'mayonnaise', 'fresh thyme leaves', 'large garlic cloves', 'salt', 'Black pepper', 'shredded cheese', 'shredded mozzarella cheese']"
Cured Salmon Gravlax (crazy easy!),[]
Soft No Knead Dinner Rolls,"['dry yeast', 'caster/superfine sugar', 'warm water', 'bread flour + extra for dusting', 'salt', 'milk, ', 'unsalted butter', 'eggs', 'butter']"
Custard (Creme Anglaise),"['vanilla bean (Note 1)', 'heavy / thickened cream (Note 2)', 'milk (whole or reduced fat, not zero fat)', 'egg yolks', 'white sugar, preferably caster / superfine']"
Greek Meatballs (Keftedes),[]
One Pot Chicken Alfredo Pasta,"['/ 7oz chicken breast, cut in half horizontally', 'Salt and pepper', 'olive oil', '/ 8 oz fettuccine', 'milk, any fat %', 'chicken stock / broth', 'large garlic clove, minced', 'thickened / heavy cream (Note 1)', 'freshly grated parmesan (Note 2)', 'Parsley, for garnish']"
Asian Steak,"['beef tenderloin steaks, around 150g/5oz each (Note 1)', 'vegetable oil (or other neutral cooking oil)', 'soy sauce, all purpose (Note 2)', 'Mirin (Note 3)', 'cooking sake (Note 3)', 'unsalted butter', 'small garlic clove, minced', 'ginger, minced (can exclude)', 'shallots/scallions (green part) or chives, finely chopped']"
Beef Soba Noodles with Green Beans,[]
Fresh Strawberry Bars,"['unsalted butter, melted', 'plain flour (all purpose flour)', 'rolled oats (traditional oats, not quick, instant or steel cut)', 'brown sugar', 'baking powder', 'Pinch of salt', 'egg', 'strawberry jam', 'chopped strawberries (about 375g)', 'white sugar', 'cornflour / cornstarch']"
Easy Cinnamon Bread (No Yeast!),[]
Cashew Chicken Meatballs,"['soy sauce, ordinary or light', 'Chinese cooking wine', 'Oyster sauce', 'sesame oil', 'cornflour / cornstarch', 'chicken mince (ground chicken)', 'garlic, minced', 'egg, small', 'panko breadcrumbs', 'salt', 'white pepper (or sub with black)', 'peanut oil', 'garlic, minced', 'small onion, sliced', 'green capsicum / bell pepper, chopped into 1.75cm / 2/3""', 'water', 'cashews, unsalted']"
Pan Fried Gnocchi with Pumpkin &...,"['pumpkin, cut into 2cm / 4/5"" pieces', 'olive oil', 'gnocchi, store bought', 'butter, salted (unsalted also ok, just add more salt)', 'garlic clove (large), minced', 'baby spinach leaves', 'fresh sage, finely sliced', 'Salt & pepper', 'Parmesan cheese, freshly grated']"
Sticky Chicken Drumsticks in Chinese Plum...,"['large chicken drumsticks', '/ 185ml Fountain Plum Sauce', 'brown sugar', 'soy sauce', 'Hoisin Sauce', 'garlic,', 'ginger,', 'Chinese Five Spice Powder', 'Sesame seeds', 'Finely chopped scallions']"
Salami Cream Cheese Roll,"['cream cheese', 'sliced large salami', 'baby capers', 'finely chopped parsley or basil', 'Crackers']"
Fridge Forage: 30+ Recipes From the...,[]
Chinese Satay Chicken Stir Fry,"['chicken breast', 'baking soda', 'coriander powder', 'cumin powder', 'turmeric powder', 'chilli powder', 'Curry Powder', 'salt', 'white pepper', 'smooth peanut butter', 'brown sugar', 'light soy sauce', 'rice vinegar', 'Sriracha', 'lemongrass paste', 'coconut milk', 'water', 'peanut oil', 'onion', 'garlic cloves', 'Shallots/scallions']"
Homemade Mango Ice Cream Recipe (No...,[]
Asian Salmon Salad,"['soy sauce', 'EACH hoisin sauce, rice vinegar, honey', 'sriracha', 'water', 'garlic clove', 'salmon', 'oil', 'lettuce', 'cherry tomatoes', 'avocado', 'cucumber', 'soy sauce', 'sesame oil', 'white vinegar', 'olive oil', 'sugar', 'sesame seeds', 'scallion / shallot']"
Chocolate Covered Strawberries (3 ingredient dessert!),[]
Middle Eastern Spiced Lentil and Rice...,[]
Slow Cooker BBQ Pulled Pork Sandwich,"['brown sugar', 'paprika powder', 'onion powder', 'garlic powder', 'cumin powder', 'mustard powder', 'salt', 'black pepper', 'pork shoulder or butt', 'apple cider or apple juice', 'quantity Coleslaw', 'bread rolls', 'pork juices from slow cooker, once cooked', 'ketchup', 'apple cider vinegar', 'brown sugar', 'each black pepper, onion (or garlic powder), mustard powder', 'lemon juice', 'Worcestershire sauce']"
Steak Sandwich,"['mayonnaise', 'large garlic clove', 'large onions', 'butter', 'brown sugar', 'balsamic vinegar', 'salt & pepper', 'grilling beef steak', 'Salt and pepper', 'vegetable oil', 'tomatoes', 'rocket /arugula or other lettuce of choice', 'Mustard', 'Turkish bread']"
Spicy Chilli Prawn Pasta (Shrimp),[]
Mango Daiquiri & Tales from a...,[]
Greek Lemon Orzo Salad (Risoni),"['risoni / orzo pasta', 'cherry tomatoes', 'Lebanese / Persian cucumbers', 'firm feta', 'red onion', 'green capsicum/bell pepper', 'whole black olives', 'dried oregano', 'lemon zest', 'lemon juice', 'olive oil', 'Dijon mustard', 'garlic clove', 'sugar', 'salt', 'Black pepper']"
Spinach and Ricotta Rolls,"['frozen chopped spinach', 'firm ricotta', 'grated parmesan', 'shredded cheese', 'egg', 'large garlic clove', 'of nutmeg', 'salt', 'Black pepper', 'sheets puff pastry', 'egg', 'Sesame seeds']"
One Pot Italian Chicken & Orzo...,"['white wine vinegar', 'olive oil', 'Dijon mustard', 'Italian herb mix', 'garlic clove', 'salt + black pepper', 'olive oil', 'chicken breasts', 'olive oil', 'small onion', 'garlic clove', 'red capsicum / bell pepper', 'risoni / orzo pasta', 'can crushed tomato', 'chicken stock / broth', 'Italian herb mix', 'of red pepper flakes', 'Salt and pepper', 'grated parmesan cheese (optional)', 'basil leaves']"
Rosemary Garlic Grilled Lamb Chops,"['lamb chops', 'Oil', 'red wine vinegar', 'extra virgin olive oil', 'honey', 'garlic cloves', 'finely chopped fresh rosemary', 'dried thyme', 'sea salt', 'Black pepper']"
"No Washing Up Ham, Egg &...","['bread rolls', 'small slices of ham', 'eggs', 'shredded mozzarella cheese', 'fresh parsley']"
3 Minute Melty Festive Brie (Baked...,[]
2016 Christmas Menu!!,[]
Pavlova!!,"['egg whites', 'caster sugar', 'cornflour/cornstarch', 'white vinegar', 'frozen or fresh raspberries', 'caster sugar', 'thickened/heavy cream', 'vanilla extract', 'caster sugar', 'bamboo skewer – or 2 shorter skewers', 'strawberries', 'strawberries cut into 1cm dices', 'Christmas tree star topper', 'raspberries', 'small sprigs of rosemary', 'icing sugar/powdered sugar', 'More strawberries']"
Chinese Pork Mince with Noodles (“Chinese...,[]
Oven Baked Chicken Quesadillas,"['chicken', 'cumin powder', 'garlic powder (or sub with onion powder)', 'cayenne pepper', 'paprika powder', 'salt + black pepper', 'olive oil', 'olive oil', 'small onion', 'garlic clove', 'red capsicum / bell pepper', 'green capsicum / bell pepper', 'flour tortillas', 'Olive oil spray', 'grated cheese, or more to taste']"
JP’s Iceberg Lettuce Dill Salad,[]
Standby Salad Dressing Recipes,[]
Italian Dressing Recipe,"['extra virgin olive oil', 'red or white wine vinegar', 'freshly grated parmesan', 'sugar', 'garlic powder (or 1 small garlic clove minced, if using within 3 days)', 'each dried basil', 'red pepper flakes', 'salt', 'Freshly ground pepper', 'extra virgin olive oil', 'red or white wine vinegar', 'freshly grated parmesan', 'sugar', 'garlic powder (or 2 garlic cloves minced, if using within 3 days)', 'each dried basil', 'red pepper flakes', 'salt', 'freshly ground pepper']"
Honey Mustard Dressing,"['Dijon mustard', 'honey', 'cider vinegar', 'vegetable or olive oil', 'salt', 'Black pepper', 'Dijon mustard', 'honey', 'cider vinegar', 'vegetable or olive oil', 'salt', 'Black pepper']"
Asian Sesame Dressing,"['soy sauce', 'toasted sesame oil', 'white vinegar', 'olive oil', 'sugar', 'soy sauce', 'toasted sesame oil', 'white vinegar', 'olive oil', 'sugar']"
Poppyseed Salad Dressing,"['eschalot / French shallot', 'white wine vinegar', 'white sugar', 'poppyseeds', 'mustard powder', 'mayonnaise', 'salt', 'olive oil or grapeseed oil']"
French Salad Dressing (French Vinaigrette),[]
Maple Syrup Dressing,"['apple cider vinegar', 'olive oil', 'pure maple syrup', 'Dijon mustard', 'Salt and pepper', 'apple cider vinegar', 'olive oil', 'pure maple syrup', 'Dijon mustard', 'salt', 'Black pepper']"
Balsamic Vinegar Dressing,"['balsamic vinegar', 'extra virgin olive oil', 'Salt and pepper to taste', 'balsamic vinegar', 'extra virgin olive oil', 'Salt and pepper to taste', 'Honey or sugar']"
Pomegranate Molasses Dressing,"['pomegranate molasses', 'red wine vinegar', 'Dijon mustard', 'honey', 'olive oil', 'salt + pepper']"
Creamy Chicken and Bacon Pasta,"['fettuccine or other pasta', 'bacon', 'chicken breast', 'butter', 'garlic cloves', 'small onion', 'heavy cream / thickened cream', 'pasta cooking water', 'FRESH grated parmesan', 'Fresh parsley', 'Parmesan']"
Cookie Mix In a Jar: White...,"['litre / 4 cups / 1 quart / 32 oz mason jar', 'white sugar', 'brown sugar', ' plain flour', 'baking powder', 'salt', 'quick cooking oats', 'dried cranberries', 'white chocolate chips', 'unsalted butter', 'large egg']"
Baked Parmesan Crusted Salmon with Lemon...,"['side of salmon', 'Dijon mustard', 'panko breadcrumbs', 'Oil spray', 'butter', 'grated parmesan', 'finely chopped fresh parsley', 'finely chopped fresh dill', 'Zest of 1 lemon', 'salt', 'Pepper', 'butter', 'eschallot / finely chopped', 'dry white wine', 'heavy cream / thickened cream', 'Dijon mustard', 'lemon juice', 'sugar', 'Salt and pepper', 'Watercress', 'Lemon wedges', 'Fresh dill']"
Chinese Chicken Salad with Asian Peanut...,"['peanut butter', 'toasted sesame oil', 'canola oil', 'soy sauce', 'tsp+ Sriracha', 'honey', 'rice wine vinegar', 'water', 'garlic clove', 'ginger', 'Chinese cabbage / Napa cabbage', 'red cabbage', 'carrots', 'shredded cooked chicken', 'bean sprouts', 'shallot / green onion / scallion', 'peanuts', 'crunchy fried noodles']"
Chorizo Bites in Sweet & Spicy...,"['pineapple juice', 'ketchup', 'hot sauce of choice', 'brown sugar', 'garlic clove', 'salt', 'Pepper', 'cornflour / cornstarch', 'water or pineapple juice', 'chorizo', 'oil', 'Parsley', 'Toothpicks for serving']"
Chinese Steamed Fish with Ginger Shallot...,"['bream or snapper fish', 'stems of shallots', 'ginger julienned', 'Japanese cooking sake', 'salt', 'soy sauce', 'sesame oil', 'oil', 'Red chilli julienned']"
Strawberry Spinach Salad with Strawberry Balsamic...,"['fresh strawberries', 'balsamic vinegar', 'olive oil', 'brown sugar', 'strawberry jam or preserves', 'salt', 'pecans', 'brown sugar', 'butter', 'baby spinach', 'large strawberries', 'blue cheese', 'Salt and pepper']"
Cajun Baked Turkey Breast and Dressing...,"['kosher salt *', 'each freshly cracked black pepper', 'each onion powder', 'cayenne pepper', 'each dried thyme and rosemary', 'pound bone-in turkey breast', 'butter', 'garlic', 'large onions', 'celery ribs', 'green peppers / capsicum', 'Andouille sausages', 'Tabasco sauce', 'chicken stock / broth', 'bread crumbs']"
Cheeseburger Party Meatballs,"['beef mince', 'onion powder', 'garlic powder', 'salt', 'black pepper', 'Worcestershire Sauce', 'panko breadcrumbs', 'egg', 'oil', 'processed cheese slices', 'Baby gherkins', 'Ketchup']"
Roasted Sweet Potato Salad with Honey...,[]
Spicy Thai Chicken Stir Fry,"['light soy sauce', 'dark soy sauce', 'fish sauce', 'oyster sauce', 'sugar', 'cooking oil', 'Thai or birds eye chillis or other small hot red chilli', 'garlic cloves', 'small onion', 'ground / mince chicken', 'shallot / scallions stems', 'coriander/cilantro leaves', 'Steamed jasmine rice']"
Chocolate Self Saucing Pudding,"['brown sugar', 'cocoa powder', 'boiling water', 'plain flour', 'baking powder', 'white sugar', 'cocoa powder', 'of salt', 'milk', 'butter', 'egg', 'vanilla extract']"
Stovetop Macaroni and Cheese,[]
Blueberry Cheesecake Bars,"[""Arnott's Marie crackers"", 'unsalted butter', 'sugar', 'Philadelphia cream cheese', 'plain flour', 'sour cream', 'white sugar', 'vanilla extract', 'Zest of 1 lemon', 'eggs', 'blueberries', 'Icing sugar / confection sugar', ""Arnott's Marie crackers"", 'unsalted butter', 'sugar', 'cream cheese', 'eggs', 'lemon zest', 'lemon juice', 'vanilla extract', 'white sugar', 'fresh blueberries', 'Icing sugar / powdered sugar', ""Arnott's Marie crackers"", 'unsalted butter', 'sugar', 'cream cheese', 'icing sugar / powdered sugar', 'thickened cream / heavy cream', 'lemon zest', 'vanilla extra', 'blueberries', 'sugar', 'cornflour / cornstarch', 'lemon juice', 'butter']"
Chinese Corn Soup with Chicken,[]
Smoked Salmon Appetizer Bites,[]
Foolproof Poached Chicken Breast with Ginger...,"['chicken breasts', 'shallots / scallions', 'finely grated ginger', 'salt', 'vegetable oil', 'chilli paste', 'Sriracha', 'soy sauce', 'sugar', 'garlic clove', 'grated ginger']"
Lemon Pepper Chicken,[]
Cheese and Bacon Dip,[]
Brussels Sprout Salad,[]
Easiest Ever MOIST Apple Cake,[]
Cauliflower and Chickpea Curry,"['vegetable oil', 'ginger', 'large garlic cloves', 'large onion', 'coriander powder', 'tumeric powder', 'cumin powder', 'paprika', 'chicken stock', '/ 28 oz can crushed tomato', '/ 4 cups', '/ 14 oz can chickpeas', 'Salt', 'sugar - optional', 'frozen peas', 'garam masala powder', 'coriander / cilantro leaves', 'Yoghurt']"
Sweet and Sour Chicken Stir Fry,"['white sugar', 'apple cider vinegar', 'pineapple juice', 'ketchup', 'Worcestershire sauce', 'soy sauce', 'Oyster Sauce', 'salt', 'cornflour / corn starch + 2 tbsp water', 'peanut oil', 'garlic clove', 'onion', 'chicken thigh fillets', 'red capsicum / bell pepper', 'green or yellow capsicum / bell pepper', 'can', 'Sliced shallots / scallions']"
Vegetarian Mexican Lasagna,"['crushed canned tomato', 'olive oil', 'garlic', 'red onion', 'fresh coriander / cilantro', 'EACH cumin', 'EACH salt', 'coriander powder', 'Black pepper', 'olive oil', 'garlic clove', 'red onion', 'large red capsicum / bell pepper', 'zucchinis', 'can black beans', 'frozen corn', 'large flour tortillas', 'grated melting cheese', 'Fresh coriander / cilantro leaves']"
Creamy Dill Sauce for Salmon or...,"['sour cream', 'Dijon or hot English mustard', 'garlic powder or 1 small garlic clove', 'fresh dill', 'lemon zest', 'lemon juice', 'milk', 'salt', 'white sugar', 'oil', 'salmon or trout fillets', 'Salt and pepper']"
Peanut Butter Cheesecake Stuffed Chocolate Loaf,"['cream cheese', 'smooth peanut butter', 'egg', 'caster sugar / superfine sugar', 'sour cream', 'vanilla extract', 'plain flour', 'baking powder', 'caster sugar / superfine sugar', 'unsalted butter', 'vegetable oil', 'cocoa powder', 'eggs', 'yoghurt', 'vanilla', 'dark chocolate chips', 'hot water']"
Broccoli Salad with Sour Cream Dressing,"['large or 2 small heads of broccoli', '/ 5 oz lean bacon, chopped', 'flaked almonds, or other nuts of choice', 'shallots / scallions, or red onion, finely chopped', 'sour cream', 'extra virgin olive oil', 'garlic powder, or 1/2 small garlic clove, minced', 'apple cider vinegar, or white wine vinegar', 'milk, plus more to adjust consistency', 'Dijon mustard', 'white sugar', 'Salt and pepper']"
Port Braised Lamb Shanks,"['lamb shanks', 'Salt and pepper', 'olive oil', 'garlic cloves', 'onion', 'celery stalk', 'carrot', 'flour', 'beef broth', 'port', 'red wine', 'tomato paste', 'sprigs thyme or 2 tsp dried thyme', 'dried bay leaves', 'stalks fresh parsley', 'Fresh parsley']"
Honey Mustard Chicken,"['chicken tenderloin or chicken breast cut into thick strips', 'Salt and pepper', 'flour', 'garlic powder', 'mayonnaise', 'cornstarch / cornflour or 2 tsp flour', 'olive oil', 'garlic', 'chicken broth / stock', 'Dijon mustard', 'honey', 'wholegrain mustard, adjust to taste', 'sprigs thyme or 1/2 dried thyme', 'Fresh parsley, finely chopped']"
Easy Spanish Tapas Recipes,"['olive oil', 'garlic cloves - 3 smashed', 'raw prawns', 'of red pepper flakes', 'Finely chopped parsley', 'Optional: lemon', 'olive oil', 'garlic cloves - 3 smashed', 'Swiss brown or other small mushrooms', 'Finely chopped parsley', 'chorizos', 'olive oil', 'plump black and green olives', 'garlic', 'red pepper flakes', 'Lemon or orange zest', 'olive oil', 'fresh rosemary leaves', 'Jamon cured ham', 'Manchego Spanish Cheese', 'White Anchovies', 'Spanish Omelette recipe here', 'Bread', 'La Mesa Y Los Amigos Tempranillo Spanish Wine']"
Spanish Tortilla (Omelette),"['potatoes', 'onion', 'olive oil', 'eggs', 'Salt and pepper', 'Fresh parsley']"
Nutella Crepes with Strawberries,"['plain flour', 'milk', 'eggs', 'unsalted butter', 'vanilla extract', 'white sugar', 'of salt', 'unsalted butter', 'Nutella', 'Strawberries', 'Icing sugar / confectionary sugar']"
Homemade Nutella,"['raw skinless hazelnuts', 'Dutch processed unsweetened cocoa powder (Note 2)', 'icing sugar / confectionary sugar', 'hazelnut oil', 'vanilla extract']"
Chicken and Mushroom Risotto,"['olive oil', 'bacon', 'chicken thigh fillets', 'mushrooms', 'unsalted butter', 'garlic cloves', 'onion', 'white wine', 'arborio risotto rice', 'chicken broth/stock', 'freshly grated parmesan cheese', 'unsalted butter', 'Freshly chopped parsley']"
Pork Carnitas Tacos + Good Food...,[]
Seafood Gratin Pasta Bake,"['macaroni or other pasta of choice', 'olive oil', 'mixed raw seafood', 'leeks', 'garlic cloves', 'butter', 'flour', 'milk', 'chicken bouillon cube', 'panko', 'grated parmesan cheese', 'Finely chopped fresh parsley']"
Bacon Wrapped Chicken,"['garlic powder', 'paprika', 'cayenne pepper', 'flour', 'salt', 'Black pepper', 'large chicken thigh fillets', 'bacon', 'brown sugar', 'olive oil']"
No Chop Roast Butternut Pumpkin /...,[]
Creamy Chicken in White Wine Sauce...,"['olive oil', 'chicken pieces', 'butter', 'garlic cloves', 'onion', 'bacon', 'dry white wine', 'chicken broth / stock or water', 'fresh thyme leaves', 'cream', 'Finely chopped parsley']"
Mini No Bake Nutella Cheesecake,"['packet', 'unsalted butter', 'Philadelphia cream cheese (brick form, NOT tub!)', 'Nutella', 'heavy cream', 'icing sugar', 'vanilla extract', 'Nutella', 'heavy cream', 'sugar']"
Chicken Souvlaki with Tzatziki,[]
Greek Salad,"['tomatoes', 'Lebanese / Persian cucumbers', 'small red onion', 'small green capsicum / bell pepper', 'feta block', 'black kalamata olives', 'dried oregano', 'garlic clove', 'dried oregano', 'salt', 'Freshly ground black pepper', 'red wine vinegar', 'extra virgin olive oil']"
Easy Soft Flatbread Recipe (No Yeast),[]
Greek Lemon Rice,"['extra virgin oil', 'garlic clove', 'onion', 'long grain white rice', 'chicken broth', 'water', 'large lemon', 'finely chopped parsley', 'finely chopped dill', 'Salt and pepper']"
Balsamic Pork Chops,"['pork chops', 'olive oil', 'garlic clove', 'onion', 'balsamic vinegar', 'brown sugar', 'Salt and pepper', 'Crumbled goats cheese or feta', 'Fresh parsley or thyme']"
Truly Crispy Oven Baked Chicken Wings,[]
Jalapeno Popper Dip,"['Philadelphia cream cheese', 'mayonnaise', 'sour cream', 'cumin powder', 'each onion powder and garlic powder', 'grated cheddar cheese', 'grated Mozzarella Cheese', 'canned jalapeños', 'salt', 'Pepper', 'Cob Bread', 'butter', 'panko breadcrumbs']"
"Sun Dried Tomato, Spinach & Cheese...","['small chicken breasts (2 pieces), boneless and skinless', 'sun dried tomato (oil packed. Use enough to cover the chicken, cut into strips)', 'mozzarella cheese (or other melting cheese of choice)', 'Handful of spinach', 'olive oil', 'Dijon Mustard', 'white wine vinegar or lemon juice', 'sugar, any', 'olive oil', 'EACH Italian mixed herbs and red pepper flakes (Note 1)', 'Salt & pepper']"
Moist Chocolate Chip Muffin,"['plain flour (all purpose flour)', 'baking powder', 'baking soda / bi carb soda', 'white sugar (Note 1)', 'salt', 'buttermilk (Note 2)', 'unsalted butter, melted', 'vegetable oil', 'large eggs, lightly whisked', 'vanilla extract', 'chocolate chips (US: semi-sweet)']"
Hawaiian Chicken Salad,"['Marinade', 'coconut milk', 'pineapple juice', 'tomato sauce/ketchup', 'soy sauce', 'Zest of 1 lime', 'garlic cloves', 'EACH onion powder', 'Chicken & Salad:', 'olive oil', 'large chicken breast', 'corn', 'pineapple pieces', 'chopped lettuce', 'avocado', 'red onion', 'cherry tomatoes', 'small carrot, finely shredded', 'Coconut Lime Cilantro / Coriander Rice', 'Dressing:', 'lime juice', 'olive oil', 'finely chopped cilantro/coriander', 'garlic minced', 'sugar or honey', 'salt', 'Black pepper']"
Pikelets,"['plain flour (Note 1)', 'baking powder', 'white sugar', 'egg', 'milk', 'vanilla extra', 'butter', 'Strawberry jam and cream']"
Pork Tenderloin with Creamy Marsala Sauce,"['olive oil', 'pork tenderloin', 'butter', 'mushrooms', 'finely chopped shallots or onion', 'garlic clove', 'flour', 'marsala', 'chicken broth', 'tarragon leaves', 'cream']"
Asian Chicken Marinade,[]
Red Velvet Cake,"['plain cake flour', 'cocoa powder', 'baking soda / bi-carb soda', 'Pinch of salt', 'unsalted butter', 'caster / superfine white sugar ', 'eggs', 'vegetable oil', 'white vinegar', 'vanilla extract ', 'buttermilk', 'red food colouring liquid ', 'Philadelphia Cream Cheese, block ', 'unsalted butter', 'vanilla extract', 'soft icing sugar / powdered sugar']"
Oven Fried Parmesan Chicken Tenders,[]
Seafood Spaghetti Marinara,"['dried spaghetti pasta', 'olive oil', 'seafood Marinara mix', 'garlic cloves', 'onion', 'white wine', 'tomato passata/tomato puree', 'sugar', 'finely chopped fresh parsley']"
Baked Italian Chicken with Potatoes,[]
Pineapple Coconut Hawaiian Chicken Skewers,[]
Coconut Coriander/Cilantro Lime Rice,[]
Spicy Korean Pork Stir Fry,"['boneless pork shoulder', 'small pear', 'medium onion', 'fresh ginger', 'garlic clove', 'soy sauce', 'brown sugar', 'sesame oil', 'gochujang', 'oil', 'garlic', 'onion', 'scallion/shallot stalk', 'Sesame seeds', 'Rice']"
Chinese Fried Rice with Shrimp /...,"['peanut oil', 'eggs', 'bacon', 'garlic cloves', 'ginger', 'onion', 'Chinese cooking wine or dry sherry', 'sugar', 'small shrimp/prawns', 'cooked long grain white rice', 'scallions', 'Oyster Sauce', 'soy sauce', 'sesame oil']"
5 Ingredient Sticky Stove Top Balsamic...,"['chicken drumsticks', 'water', 'balsamic vinegar', 'soy sauce (all purpose or light, not dark)', 'sugar', 'garlic cloves', 'fresh grated ginger', 'Sriracha or 1 tsp red pepper flakes', 'Parsley or shallots/scallions']"
Chorizo Risotto with Kale,[]
Mexican Grilled Chicken Tacos,"['chicken thigh fillets', 'olive oil', 'orange juice', 'apple cider vinegar', 'lime juice', 'garlic cloves', 'chipotle or ancho chile powder', 'dried oregano', 'smoked paprika powder', 'All Spice', 'cinnamon powder', 'cayenne pepper', 'salt', 'Black pepper', 'Tortillas or taco shells', 'Pico de Gallo', 'Sour cream', 'Avocado', 'Fresh coriander / cilantro', 'Lime wedges']"
Brown Sugar Broiled Salmon,"['salmon fillets', 'bunches asparagus', 'bunch broccolini', 'cherry tomatoes', 'olive oil', 'Salt and pepper', 'Dijon mustard', 'mayonnaise', 'brown sugar', 'cayenne pepper']"
Italian Meatball Soup,"['lightly packed cup of sliced white sandwich bread', 'grated onion', 'ground beef', 'ground pork', 'egg', 'fresh parsley', 'garlic cloves', 'Parmigiano-Reggiano', 'salt', 'black pepper', 'olive oil', 'onion', 'garlic cloves', 'chicken broth / stock', 'water', 'passata', 'canned tomato', 'Italian mixed herbs', 'garlic powder', 'red pepper / chilli flakes', 'spaghetti', 'fresh basil leaves', 'shredded mozzarella cheese', 'Parmigiano-Reggiano']"
Bill Granger’s Corn Fritters with Avocado...,[]
Honey Lemon Chicken,"['chicken breast (2 pieces)', 'Salt and pepper', 'flour (any)', 'butter', 'olive oil', 'garlic clove, minced', 'chicken broth / stock', 'honey', 'lemon juice (fresh)', 'soy sauce', 'water', 'Lemon slices', 'Finely chopped parsley']"
Easy Classic Baked Cheesecake,"['Arnott’s Marie crackers or other plain biscuit', 'unsalted butter', 'cream cheese', 'plain flour', 'vanilla extract', 'sour cream', 'caster sugar', 'Zest of 1 lemon', 'large eggs', 'Strawberries, blueberries, raspberries', 'Icing sugar / powdered sugar']"
Greek Slow Roasted Leg of Lamb,"['of garlic, peeled', 'leg of lamb (Note 1)', 'Salt and pepper', 'paprika powder', 'garlic powder (or sub with onion powder)', 'olive oil', 'large onions, quartered (white, brown, yellow, red)', 'sprigs of thyme', 'sprigs rosemary', 'dried oregano', 'dried bayleaves (or 5 fresh)', 'lemon juice (2 - 3 lemons), plus more to taste', 'white wine (or sub with chicken broth/stock, low salt)', 'chicken broth (liquid chicken stock)']"
Mexican Shredded Chicken,"['chicken breast', 'Chipotles in Adobo Sauce', 'can crushed tomatoes', 'garlic cloves', 'EACH dried oregano, cumin powder and onion powder (or garlic powder)', 'sugar', 'salt', 'Pepper', 'olive oil', 'lime juice']"
Parmesan Shortbread Biscuit (3 ingredients),"['salted butter', 'parmesan cheese', 'plain flour', 'rosemary leaves']"
Creamy Salmon Risoni / Orzo (15...,"['unsalted butter', 'onion', 'garlic cloves', 'plain flour', 'milk', 'chicken broth / stock', 'dried risoni / orzo', 'frozen peas', 'grated parmesan', 'hot-smoked salmon', 'Parsley']"
Italian Fish with Salsa,[]
Chicken Salad with Avocado Dressing,"['large or 1 small ripe avocado', 'garlic clove', 'diced red onion', 'cilantro', 'olive oil', 'plain low fat yoghurt', 'lime juice', 'low fat milk', 'onion or garlic powder', 'salt', 'Black pepper', 'chicken breast', 'olive oil', 'smoked paprika', 'each onion powder', 'plain flour', 'Black pepper', 'diced red onion', 'corn', 'cherry tomatoes', 'chopped lettuce']"
Beef Steak Fajitas,[]
Pico de Gallo (Authentic Mexican Salsa),[]
Thai Mango Chicken Curry,[]
Baked Macaroni Cheese with Chicken &...,"['olive oil', 'skinless chicken breast or thigh fillets', 'butter', 'garlic cloves', 'small onion', 'plain flour', 'milk', 'water', 'salt', 'Black pepper', 'macaroni / elbow pasta', 'large head of broccoli', 'grated cheese', 'panko', 'parmesan cheese']"
Easy Chinese Honey Sesame Chicken,"['chicken thighs', 'salt', 'sesame paste OR tahini', 'soy sauce', 'sesame seeds', 'plain flour', 'Oil spray', 'Chinese cooking wine', 'chicken broth / stock', 'rice wine vinegar or Chinese black vinegar', 'honey', 'soy sauce', 'sesame oil', 'cornstarch / cornflour mixed with 2 tbsp water', 'oil', 'garlic cloves', 'scallion/shallot stem', 'sesame seeds']"
Coconut Shrimp / Prawns with Spicy...,"['whole prawns OR 12oz/350g peeled fresh prawns', 'salt', 'Black pepper', 'egg', 'panko breadcrumbs', 'desiccated coconut', 'Oil', '(packed) fresh mango. roughly diced', 'cilantro/coriander', 'red onion or eschallots', 'fish sauce', 'sriracha', 'red chilli', 'coconut milk']"
Turkish Lamb Kofta Kebabs,[]
Caprese Baked Eggs,"['olive oil', 'garlic cloves', 'small onion', 'can cannellini beans', 'can crushed tomato', 'chicken broth/stock', 'mixed Italian herbs', 'sugar', 'Salt and pepper', 'cherry tomatoes', 'basil leaves roughly torn', 'bocconcini', 'eggs', 'balsamic vinegar', 'brown sugar', 'Salt', 'Toasted crusty bread slices']"
Spicy Beef Hokkien Noodles,"['beef rump steak', 'Homemade Chinese Stir-fry Sauce', 'peanut oil', 'peanut oil', 'garlic cloves', 'small onion', 'red capsicum/bell pepper', 'Homemade Chinese Stir-fry Sauce', 'water', 'chilli paste', 'scallions/shallots', 'snow peas', 'fresh hokkien noodles', 'Sliced red chilli']"
Cajun Blackened Fish,"['paprika', 'ground cumin', 'onion powder', 'garlic powder', 'dried thyme', 'dry mustard', 'salt', 'cayenne pepper', 'Good grind of black pepper', 'firm white fish fillets', 'extra virgin olive oil']"
Slow Cooker Honey Buffalo Chicken Sliders,"['chicken breast', 'butter', 'hot sauce of choice', 'honey', 'brown sugar', 'soy sauce', 'tomato ketchup', 'garlic powder', 'paprika', 'dried thyme', 'salt', 'Black pepper', 'cornstarch / corn flour', 'rolls', 'Lettuce of choice', 'Blue Cheese Sauce', 'crumbled blue cheese', 'sour cream', 'mayonnaise', 'small garlic clove', 'milk', 'lemon juice', 'salt', 'Black pepper']"
Japanese GYOZA (Dumplings),[]
Alfredo Salmon Pasta,[]
Apple Cider Glazed Pork Tenderloin,"['lb/500g pork tenderloin', 'oz/330ml sweet apple cider', 'bay leaf', 'honey', 'brown sugar', 'garlic cloves', 'salt', 'Black Pepper', 'olive oil', 'butter', 'dijon mustard', 'Salt and pepper']"
Ripper Beef Nachos,"['olive oil', 'garlic cloves', 'onion', 'ground beef', 'tomato paste', 'water', 'each onion powder', 'each dried cumin powder', 'cayenne pepper', 'corn chips', 'grated cheese', 'quantity Nachos Cheese Sauce', 'Sliced scallions / shallots', 'quantity Proper Guacamole', 'quantity Pico de Gallo', 'Sour cream']"
Cheese and Bacon Potato Skins,"['medium potatoes', 'streaky fatty bacon', 'grated cheese', 'Salt and pepper', 'Sour cream', 'scallion/shallot stem', '(packed) mashed potato (scooped out from potato skins)', 'egg', 'milk', 'plain flour', 'grated cheese', 'salt', 'Pepper']"
What is Tomato Passata?,[]
Spanish Romesco Sauce / Dip (capsicum...,[]
Satay Chicken Noodle Salad,"['peanut butter', 'garlic clove', 'sesame oil', 'soy sauce', 'brown sugar', 'sriracha', 'lime juice', 'coconut milk', 'water', 'salt', 'oz/300g fresh egg noodles', 'red cabbage', 'green cabbage', 'carrots', 'salt', 'scallion/shallot stems', 'large red chilli', 'chicken breast', 'Salt and pepper', 'curry powder', 'sweet soy sauce/ kecap manis', 'cooking oil', 'peanuts']"
Honey Sriracha Chicken Skewers,[]
Monte Cristo Sandwich (Ham Cheese French...,[]
Ham and Cheese Puffs,"['sheets puff pastry', 'Dijon mustard', 'shaved ham', 'grated cheddar cheese', 'egg yolks', 'Oil spray']"
Tuna Tartare with Lychees,"['sashimi grade tuna', 'lychees', 'large red chili', 'red onion', 'coriander/cilantro leaves', 'extra virgin olive oil', 'lime juice', 'small avocado', 'Salt and pepper', 'Sliced sourdough baguette', 'Extra coriander/cilantro leaves', 'Lime wedges']"
Italian Meatloaf with Marinara Sauce,"['diced red bell pepper / capsicum', 'olive oil', 'stale white bread', 'small onion', 'cream', 'ground pork', 'ground beef', 'eggs', 'fennel seeds', 'paprika', 'salt', 'Pepper', 'olive oil', 'garlic cloves', 'onion', 'tomato passata or crushed tinned tomatoes', 'water', 'dried Mixed Italian Herbs', 'red pepper flakes', 'Salt and pepper']"
Easy Chicken Noodle Soup,[]
Japanese Miso Salmon (Barbecue or Bake),[]
Peruvian Roast Chicken with Garlic Butter...,[]
Asian Grilled Shrimp / Prawns,"['shrimp / prawns', 'garlic cloves', 'vegetable oil', 'salted butter', 'tsp sweet soy sauce / kecap manis', 'lime', 'red birds eye chilli', 'Cilantro / coriander leaves']"
Sausage & Bacon Country Breakfast Casserole,"['baguette', 'eggs', 'milk', 'potatoes', 'bacon', 'sausage', 'grated cheddar cheese', 'butter', 'Finely chopped parsley']"
Easy Classic Chinese Beef Stir Fry,"['cornstarch / corn flour*', 'water', 'soy sauce', 'oyster sauce*', 'Chinese cooking wine OR Mirin', 'white sugar*', 'sesame oil', 'Dash of black pepper*', 'peanut oil', 'garlic clove', 'beef', 'small onion', 'red bell pepper / capsicum', 'small carrot', 'baby pak choy / bok choy', 'stems scallion / shallots', 'Steamed white rice', 'Sesame seeds', 'Fresh cilantro / coriander']"
White Chicken Enchilada Soup (or Turkey!),[]
Mashed Potato Cakes with Cheese &...,[]
Pot Roasted Coconut Chicken,[]
Creamy Sun Dried Tomato Pasta,"['sun dried tomatoes, roughly chopped (Note 1) + more for garnish', 'basil leaves', 'yoghurt or sour cream', 'cream', 'milk', 'tomato paste', 'parmesan cheese', 'salt', 'Pepper', 'pasta of choice', 'oil from sun dried tomatoes', 'garlic cloves', 'small onion', 'finely shredded fresh English spinach', 'Parmesan cheese', 'Fresh basil']"
Nando’s Peri Peri Chicken Burger,[]
Blackened Fish Tacos {Hapa Nom Nom...,"['greek yogurt', 'avocado', 'cilantro/coriander leaves', 'garlic cloves', 'limes zested and juiced', 'jalapeños', 'mint', 'Kosher salt', 'Freshly ground black pepper', 'red cabbage', 'green cabbage', 'carrots', 'mayonnaise', 'Sriracha', 'fresh lime juice', 'paprika', 'ground cumin', 'onion powder', 'garlic powder', 'dried thyme', 'dry mustard', 'Kosher salt', 'cayenne pepper', 'extra virgin olive oil', 'tilapia fillets', '(6 inch) tortillas', 'jalapeños', 'small bunch cilantro']"
Cheesy Italian Arancini Balls,"['butter', 'garlic cloves', 'small onion', 'risotto rice', 'white wine', 'chicken broth/stock', 'milk', 'egg', 'grated cheddar cheese', 'grated mozzarella cheese', 'finely chopped fresh parsley', 'salt', 'Pepper', 'plain flour', 'salt', 'Black pepper', 'eggs', 'panko breadcrumbs', 'Cooking oil']"
Asian Glazed Salmon,"['salmon fillets', 'Oil spray', 'fresh ginger', 'garlic clove', 'soy sauce', 'oyster sauce', 'sweet chili sauce', 'Sesame seeds', 'Scallions/shallots', 'Steamed Asian Greens', 'Rice']"
Crispy Chinese Rice Paper Wrapped Fish,"['firm white fish fillets', 'Chinese Five Spice Powder', 'salt', 'Black pepper', 'coriander/cilantro leaves', 'rice paper rounds', 'cooking oil']"
One Pot Chicken Enchilada Rice Casserole,"['olive oil', 'chicken breast, about 1/3""/1cm thick, sliced horizontally into thin steaks (Note 1)', 'small onion, diced', 'garlic, crushed', 'red bell pepper/capsicum, diced', 'tomato passata or crushed canned tomatoes* (Note 2)', 'chicken broth or water (750ml)', 'frozen corn (250g)', 'cayenne pepper* (spicy - adjust to taste)', 'dried oregano*', 'cumin*', 'coriander*', 'onion powder*', 'brown sugar*', 'Salt and pepper', 'white rice (short, medium or long grain', 'grated cheese (about 125 - 150 g)', 'Chopped cilantro/coriander']"
Garlic Bread Mini Pizzas (Muffin Tin),"['white sandwich bread', 'butter', 'garlic cloves', 'salt', 'pizza sauce', 'red onion', 'mushroom', 'grated cheese', 'sliced small pepperoni']"
Baked Sweet and Sour Chicken,[]
Greek Zucchini Tots (Mini Fritters),"['zucchinis', 'salt', 'scallions/shallots', 'garlic cloves, minced', 'panko breadcrumbs', 'eggs', 'feta cheese', 'parmesan cheese', 'dried oregano', 'plain flour', 'Oil spray', 'plain Greek yoghurt', 'lemon juice', 'extra virgin olive oil', 'fresh mint', 'Salt and pepper']"
Shredded Beef Burritos,[]
"Egg, Bacon and Avocado Quesadilla",[]
KFC Baked Oven Fried Chicken Tenders,[]
Chicken Meatloaf Wellington with Sun Dried...,"['small onion', 'ground chicken', 'panko breadcrumbs', 'parmesan cheese', 'egg', 'fresh basil', 'roughly chopped sun dried tomatoes', 'salt', 'Black pepper', 'sheet puff pastry', 'egg']"
"Cheese, Herb & Garlic Quick Bread...","['fresh herbs', 'olive oil', 'block cheese', 'Butter for greasing', 'plain flour', 'baking powder', 'baking soda', 'salt', 'buttermilk', 'eggs', 'small garlic cloves']"
Garlic Brown Butter Shrimp (Prawns),[]
"Coconut Marinated Chicken (Grill, stove)",[]
Announcing: The Food Photography Book,[]
Crispy Sticky Mongolian Beef,"['beef steak', 'soy sauce', 'cornstarch/cornflour', 'vegetable oil', 'cornflour / cornstarch', 'water', 'soy sauce (light or all purpose, NOT dark)', 'chicken broth', 'Chinese cooking wine or dry sherry, or more chicken broth (Note 2)', 'brown sugar, lightly packed', 'vegetable oil (Note 1)', 'cornstarch/cornflour', 'ginger, finely minced', 'garlic cloves, crushed', 'scallions/shallots, cut into 1 1/2"" / 4cm pieces on the diagonal']"
Creamy White Chicken Enchiladas,[]
Crispy Cheesy Sausage Hash Browns,"['potato', 'oil', 'sausage', 'grated cheddar cheese', 'sliced scallions/shallots', 'egg', 'flour', 'Pepper']"
One Skillet Baked Chicken Shawarma and...,"['large garlic clove', 'ground coriander', 'ground cumin', 'ground cardamom', 'smoked paprika', 'cayenne pepper', 'salt', 'Black pepper', 'lemon juice', 'chicken thigh fillets', 'olive oil', 'small onion', 'garlic cloves', 'long grain rice', 'chicken broth', 'water', 'salt', 'Black pepper', 'cardamon powder', 'cinnamon sticks', 'can chickpeas', 'raisins or sultanas', 'Yoghurt', 'Cilantro/coriander leaves', 'Parsley leaves']"
Korean Beef Bowl (Bulgogi – Korean...,"['thinly sliced beef', 'scallion/shallot stem', 'large onion', 'medium carrot', 'cooking oil', 'sesame seeds', 'ordinary soy sauce', 'brown sugar', 'mirin', 'sesame oil', 'grated onion', 'garlic', 'grated red apple', 'minced ginger', 'Black pepper']"
"Bacon, Egg and Mushroom Tart",[]
Prosciutto Wrapped Chicken with Scalloped Potatoes...,[]
Garlic Butter Cauliflower Pasta with Pangrattato,[]
Chorizo Baked Beans on Toast,"['chorizo', 'olive oil', 'garlic cloves', 'onion', 'canned cannellini beans', 'can crushed tomatoes', 'water', 'sugar', 'paprika', 'cumin powder', 'cayenne pepper or red chili flakes', 'salt', 'Black pepper', 'Eggs', 'Sourdough bread slices']"
Nachos Pie,"['olive oil', 'onion', 'garlic cloves', 'ground/mince beef', 'packet Taco Seasoning OR make your own - see Note 1', 'black pepper', 'tomato passata or pureed canned tomatoes', 'water', 'canned red kidney beans', 'soft tortillas', 'grated cheese', 'corn chips', 'avocado', 'large tomato', 'spanish', 'lime juice', 'fresh coriander leaves', 'olive oil', 'Salt and pepper', 'Sour cream']"
Shredded Sweet Soy Sauce Chicken Breast,[]
Easy Homemade Ricotta Gnocchi (from scratch),[]
Smoked Salmon and Egg Breakfast Mille-feuille,[]
Italian Dressing Chicken Marinade,"['white wine vinegar', 'garlic', 'extra virgin olive oil', 'dijon mustard', 'sugar', 'salt', 'Black pepper', 'olive oil', 'mixed Italian dried herbs', 'dried red chili flakes', 'chicken thighs, boneless skinless, or breast', 'extra virgin olive oil', 'zucchinis', 'baby mint leaves']"
Cheese and Bacon Bread Boats,"['bacon', 'large or 3 small eggs', 'cream or milk', 'Salt and pepper', 'baguettes', 'melted butter', 'finely chopped/sliced shallots/scallions or jalapeños', 'cheddar or tasty cheese']"
Vietnamese Noodle Salad with Shrimp (Prawn),[]
One Pot Orzo / Risoni Bolognaise,"['olive oil', 'of garlic', 'small onion', 'ground beef', 'tomato passata', 'Worcestershire sauce', 'dried Italian Herbs', 'beef bouillon cubes', 'salt', 'Black pepper', 'water', 'dried orzo / risoni', 'Freshly grated parmesan cheese', 'Finely chopped parsley']"
Lemon Garlic Baked Ricotta,"['of full fat ricotta', 'full fat cream or milk', 'Zest of 1 lemon', 'medium garlic cloves', 'salt', 'olive oil']"
Bacon Wrapped Hot Dogs with Cheese...,"['grated cheddar or tasty cheese', 'cornstarch', 'can evaporated milk', 'onion powder', 'garlic powder', 'salt', 'milk', 'hot dogs', 'strips of streaky bacon', 'othpicks', 'brown onions', 'oil', 'soft hot dog buns', 'bacon']"
Nutella Stuffed Pancakes,"['Nutella', 'plain flour', 'baking powder', 'sugar', 'of salt', 'egg', 'milk', 'vanilla essence', 'butter', 'Sliced strawberries']"
Prawn / Shrimp Pad Thai (Spice...,[]
One Pot Creamy Baked Risotto with...,[]
Fettuccine Alfredo,"['dried fettuccine', 'unsalted butter', 'small shallot', 'heavy cream', 'freshly grated Parmigiano Reggiano or parmesan', 'salt', 'Good grind of black pepper', 'Fresh parsley', 'Extra Parmigiano Reggiano']"
Grilled Marinated Thai Chicken (Gai Yang),[]
Chili Lime Baked Salmon with Potatoes...,[]
Breakfast Enchiladas (with Bacon and Eggs),[]
Grilled Mexican Corn with Chipotle Adobo...,"['chipotle in adobo sauce', 'whole egg mayonnaise', 'sour cream', 'lime juice', 'dried oregano flakes', 'salt', 'Black pepper', 'corn on the cob', 'freshly grated parmesan cheese', 'ancho chili powder', 'Lime wedges']"
Creamy Mushroom and Spinach Orzo (Risoni)...,"['olive oil', 'mushrooms', 'butter, unsalted', 'garlic cloves', 'small onion', 'flour', 'milk', 'chicken broth', 'orzo / risoni, uncooked', 'salt', 'Black pepper', 'parmesan cheese', 'frozen spinach', 'Extra parmesan cheese', 'Finely chopped parsley']"
Glazed Stovetop Carrots,"['carrots', 'olive oil', 'honey', 'water', 'Salt and pepper', 'Parsley']"
Caramelized Pear and Blue Cheese Tart,[]
Middle Eastern Shredded Lamb with Chickpea...,"['ground cumin', 'ground coriander', 'paprika', 'ground cardamon', 'salt', 'Black pepper', 'olive oil', 'garlic cloves', 'lamb shoulder', 'water', 'olive oil', 'Lemon', 'Fresh coriander/cilantro leaves', 'Yoghurt', 'olive oil', 'small onion', 'garlic cloves', 'long grain rice', 'cans of chickpeas', 'water', 'cumin powder', 'coriander powder', 'garam masala powder', 'salt', 'Black pepper']"
Baked Honey Mustard Chicken with Potatoes...,[]
Red Velvet Cookies,[]
Cream Cheese Stuffed French Toast,[]
Cheesy Jalapeno Bacon Stuffed Baguette,"['oil', 'bacon, diced (I used lean bacon)', 'x 20"" / 50 cm baguette / french stick', 'Philadelphia cream cheese, softened (full or low fat)', 'cheddar cheese, shredded (Note 1)', 'mozzarella cheese, shredded', 'packed jalapeños, finely chopped (if using fresh, deseed it. Or use canned, drained)', 'finely chopped scallions/shallots, green and white part (packed)', 'Black pepper', 'butter', 'garlic cloves, minced', 'of salt']"
One Pot Greek Chicken and Lemon...,[]
Sausage and Egg Stuffed Potatoes,"['medium baked potatoes', 'olive oil', 'sausages', 'eggs', 'grated cheese', 'Finely diced parsley']"
"Creamy, Dreamy Cauliflower Soup","['garlic cloves', 'cauliflower', 'potatoes', 'large onion', 'milk', 'chicken broth / stock', 'Salt and pepper to taste', 'Thyme', 'Cream and/or olive oil']"
Ricotta and Spinach Puff Pastry Bites,[]
Magic Three Layer Custard Cake,[]
Cuban Pork Sandwich (Cubanos) from Chef...,"['thin slices baked leg ham', 'large', 'of white baguettes', 'Melted butter', 'American mustard', 'thin slices Swiss cheese', 'dill pickles']"
Creamy Tomato Pasta Bake with Chicken...,[]
Mojo Cuban Roast Pork,[]
Mini Shrimp Tacos (Prawns),[]
Roasted Cauliflower with Almond Sauce (Ester...,[]
Iceberg Wedge Salad with Ranch Dressing,[]
Cinnamon French Toast Bites,"['thick slices of slightly stale white bread', 'large eggs', 'milk', 'of salt', 'white sugar', 'cinnamon powder', 'butter', 'Maple syrup to serve']"
Leftover Pasta Fritters,"['cold leftover pasta (sauce and pasta mixed together), packed (Note 1)', 'eggs', 'breadcrumbs', 'grated cheese', 'Salt and pepper', 'olive oil']"
Jamaican Jerk Chicken Drumsticks with Caribbean...,"['chicken drumsticks', 'olive oil', 'soy sauce', 'lime', 'onion', 'fresh ginger', 'or more scotch bonnet pepper or substitute with other chili', 'garlic cloves', 'salt', 'black pepper', 'brown sugar', 'cinnamon powder', 'allspice powder', 'nutmeg powder', 'dried thyme or 1 sprig of fresh thyme', 'Fresh cilantro/coriander leaves', 'oil', 'garlic cloves', 'onion', 'dried thyme or 1 small fresh thyme sprig', 'long grain rice', 'can red kidney beans', 'coconut milk', 'water', 'small bay leaf', 'cajun spice mix', 'paprika', 'salt', 'black pepper']"
Brownie Cookie Sandwich with Peanut Butter...,[]
Thai Chicken Salad Wonton Cups,"['wonton wrappers', 'garlic', 'lime juice', 'rice vinegar', 'fish sauce', 'soy sauce', 'canola oil', 'sugar', 'birds eye chilli', 'shredded cooked chicken', 'finely shredded cabbage', 'carrot', 'finely chopped shallots/scallions', 'Sesame seeds', 'Fresh coriander/cilantro leaves']"
Baked Apple Pie Fries with Salted...,[]
Italian Sausage Quiche,"['Oil spray', 'sheets frozen shortcut pastry', 'olive oil', 'garlic cloves', 'small onion', 'Italian sausages', 'eggs', 'milk', 'dried Mixed Italian Herbs', 'salt', 'black pepper', 'grated cheddar cheese', 'cherry tomatoes']"
One Pot Lasagna,[]
Spicy Parmesan Party Popcorn,"['vegetable oil', 'popping corn', 'Olive oil spray', 'freshly grated parmesan cheese', 'fine salt', 'cayenne pepper', 'paprika']"
Fiery Fall Apart Mexican Beef Ribs...,[]
Mexican Breakfast Tacos (Chorizo and Egg),"['tomatoes', 'red onion', 'lime juice', 'olive oil', 'coriander/cilantro leaves', 'salt', 'Black pepper', 'olive oil', 'Mexican or raw Spanish chorizo', 'garlic cloves', 'birds eye chilies', 'onion', 'eggs', 'milk', 'salt', 'Black pepper', 'tortillas', 'Cotija or feta', 'Avocado', 'Cilantro/coriander leaves']"
Double Cheese and Bacon Rolls,[]
Rotisserie Flavoured Chicken and Potato Bake,[]
Spicy Little Muffin Tin Chicken Tostadas,"['tortillas', 'Oil spray', 'whole egg mayonnaise', 'finely chopped canned jalapeño', 'salt', 'black pepper', 'lime juice', 'sliced shallots/scallions', 'finely diced coriander/cilantro stems', 'shredded cooked chicken', 'Coriander/cilantro leaves', 'Diced avocado']"
Mini Strawberry French Toast,"['sliced strawberries', 'sugar', 'eggs', 'milk', 'of salt', 'unsalted butter', 'of baguette', 'Maple syrup', 'Confectioners sugar', 'Extra strawberries']"
Truly Crunchy Roast Potatoes,"['oil - it must be one of the following: Safflower Oil', 'potatoes', 'semolina', 'salt (increase to 3 tsp if you have a salty palette)']"
Spicy Italian Breakfast Roll Ups (Breakfast...,"['olive oil', 'spicy Italian Sausages', 'butter', 'onion', 'birds eye chillis', 'garlic', 'eggs', 'milk', 'salt', 'Black pepper', 'grated cheese', 'fresh basil leaves', 'tortillas', 'Olive oil']"
Satay Chicken with Peanut Sauce (Indonesian/Bali),[]
Man Candy: Candied Bacon and Nuts,[]
Oven Baked Ribs with Chipotle BBQ...,[]
Pull Apart Pizza Bread,[]
Party Pies (Aussie Mini Beef Pies...,[]
One Pan Spanish Chicken and Chorizo,[]
Shrimp / Prawn Pasta with Lemon,[]
Taco Stack with Pork Carnitas or...,"['small tortillas', 'shredded Pork Carnitas or Quick Mexican Chicken', 'olive oil', 'grated cheese', 'corn kernels', 'olive oil', 'cherry tomatoes', 'shallots / scallions', 'lime', 'Salt and pepper to taste', 'chicken thigh fillets', 'garlic powder', 'cumin powder', 'paprika', 'oregano', 'cayenne or chili powder', 'salt', 'Black pepper', 'lime', 'olive oil', 'Sour cream', 'Cilantro / coriander', 'Jalapeños', 'Avocado']"
Grilled Eggplant with Yoghurt Sauce,"['large eggplants', 'olive oil', 'Salt and pepper', 'plain unsweetened yoghurt', 'garlic clove', 'cumin powder', 'fresh lemon juice', 'tahini', 'salt', 'Black pepper', 'pomegranate', 'mint leaves', 'coriander / cilantro leaves', 'Red chilli', 'Wedges or cheeks of lemon']"
Baked One Pot Mac and Cheese,[]
Chorizo Breakfast Hash with Bacon and...,[]
Jamie Oliver’s Chicken in Milk {Seriously...,[]
Cheese Truffles (Mini Cheese Balls),"['cream cheese', 'grated cheese', 'garlic powder', 'worcestershire sauce', 'Salt to taste', 'goats cheese', 'Danish feta', 'grated cheese', 'sour cream', 'finely chopped fresh herbs', 'parmesan cheese', 'walnuts', 'dried cranberries']"
Ham and Corn Chowder with Potato,[]
Muffin Tin Breakfast – Croque Madame...,[]
Make Ahead Mashed Potatoes (Restaurant Trick),[]
Hasselback Baked French Toast,"['baguette / french stick', 'eggs', 'milk', 'salt', 'butter', 'brown sugar', 'maple syrup', 'cinnamon powder', 'vanilla extract or essence', 'Icing sugar', 'Maple syrup']"
Christmas Special: 7 Course Easy Christmas...,[]
Pork Sausage Apple Stuffing in Pancetta...,[]
Christmas Roast Duck with Apple Cider...,[]
"Red, Green and White Christmas Salad",[]
Garlic Butter Warm Red Cabbage Salad,[]
Arabian Feast,[]
Grilled Vegetables Platter,[]
Hash Brown Crust Quiche Lorraine,"['starchy potatoes', 'unsalted butter', 'salt', 'Butter', 'Oil spray', 'egg yolks', 'eggs', 'milk', 'cream', 'of freshly grated nutmeg', 'salt', 'Black pepper', 'butter', 'bacon', 'small onion', 'garlic clove', 'grated cheese']"
Aloo Paratha (Indian Potato Stuffed Flatbread),"['plain white flour', 'salt', 'water', 'vegetable oil', 'mashed potato', 'shallots/scallions', 'fresh coriander/cilantro', 'fresh ginger', 'Garam Masala', 'Ajwain/ Carom seeds OR 1 tsp thyme', 'chili powder', 'salt']"
Bacon Tart with Pumpkin and Maple,[]
"Super Quick Chicken Dinner: Crunchy Chicken,...",[]
Strawberry Nutella French Toast Roll Ups,"['fresh white sandwich bread', 'strawberries', 'Nutella', 'caster sugar', 'butter', 'egg', 'milk', 'of salt']"
Gingerbread Boxes & Mason Jars,[]
Smoked Trout Dip or Spread (Budget...,[]
Mini Apple Pie Wonton Cups,"['wonton wrappers', 'Oil spray', 'small diced', 'butter', 'brown sugar', 'cinnamon', 'water', 'of salt', 'whipping cream', 'powdered sugar', 'Few drops vanilla essence']"
Chinese Zucchini Pancakes,[]
"Shredded Red Cabbage, Carrot and Mint...",[]
Smoked Salmon Potato Rosti Stack,"['potatoes', 'melted butter', 'olive oil', 'salt', 'Pepper', 'Smoked salmon', 'sour cream', 'Dill to garnish']"
"Sirloin Steak with Pesto, Bell Peppers...",[]
Mini Pizza Potato Skins,"['baby potatoes', 'olive oil', 'pizza sauce', 'grated melting cheese', 'mini pepperoni slices', 'Finely chopped parsley']"
"Coconut Rice (fluffy, not gluey!)",[]
Meatloaf Cupcakes With Mashed Potato,[]
Bacon French Toast Roll Ups,"['fresh soft sandwich bread', 'of streaky bacon', 'butter', 'egg', 'milk', 'of salt', 'Nachos Cheese Dip']"
"Pea, Zucchini and Pesto Orzo /...",[]
Peanut Butter Chocolate Molten Lava Cake,"['dark chocolate melts', 'unsalted butter', 'eggs', 'egg yolks', 'caster sugar', 'flour', 'smooth peanut butter', 'Cocoa powder']"
Slow Cooker Crispy Chinese Shredded Chicken,"['whole chicken', 'Chinese cooking wine', 'brown sugar', 'black vinegar', 'light soy sauce', 'coarsely chopped ginger', 'garlic cloves', 'cooking oil']"
Crispy Shredded Chicken Noodle Stir Fry,"['dried rice stick noodles', 'oil', 'garlic cloves', 'Slow Cooker Crispy Chinese Shredded Chicken', 'Slow Cooker Crispy Chinese Shredded Chicken braising liquid', 'Sriracha sauce', 'Chinese broccoli, leaves separated from stems (cut stems vertically into thin sticks) (about 1 small bunch)']"
Hot Mushroom and Pepperoni Pizza Dip,[]
Sunday Sunshine Baked Eggs in Mushrooms,[]
Vegetarian Garlic Stuffed Mushrooms,[]
Fish Piccata With Crispy Smashed Potatoes...,[]
Nachos Cheese Dip (and Sauce!),[]
Chicken & Vegetable Rice (One Pot),[]
Syrian Chicken,"['olive oil', 'chicken thigh fillets', 'cumin powder', 'cinnamon powder', 'salt', 'Black pepper', 'fresh ginger', 'garlic cloves', 'onion', 'birds eye chilis', '(combined) mint and coriander leaves, roughly chopped', 'lemon juice', 'canned crushed tomato', 'chicken stock / broth', 'saffron powder', 'cumin powder', 'thyme or 1 tsp dried thyme leaves', 'dried currants or sultanas', 'giant couscous', 'Yoghurt']"
Chili Con Carne Corn Bread Pie,"['Shredded Beef Chili Con Carne', 'fresh parsley', 'melted butter', 'eggs', 'milk', 'polenta / cornmeal', 'self raising flour', 'sugar', 'salt', 'of canned creamed corn']"
"Rocket (Arugula), Beetroot, Walnuts and Feta...",[]
Ham and Cheese French Toast Roll...,[]
Hawaiian Chicken,"['Marinade', 'coconut milk', 'pineapple juice', 'tomato sauce/ketchup', 'soy sauce', 'Zest of 1 lime', 'garlic cloves', 'EACH onion powder', 'Chicken & Salad:', 'olive oil', 'large chicken breast', 'corn', 'pineapple pieces', 'chopped lettuce', 'avocado', 'red onion', 'cherry tomatoes', 'small carrot, finely shredded', 'Coconut Lime Cilantro / Coriander Rice', 'Dressing:', 'lime juice', 'olive oil', 'finely chopped cilantro/coriander', 'garlic minced', 'sugar or honey', 'salt', 'Black pepper']"
Shortbread Cookie Sandwich With Dulce De...,[]
Sweetened Condensed Milk Caramel (Slow Cooker),[]
Huevos Rancheros Tortilla Bowls,"['flour tortillas', 'eggs', 'olive oil', 'garlic cloves', 'small onion', 'red capsicum', 'coriander/cilantro', 'crushed tinned tomato', 'canned black beans', 'paprika powder', 'cumin powder', 'salt', 'Black pepper', 'Diced avocado', 'Sour cream', 'Grated cheese']"
Shepherd’s Pie Potato Skins,"['lamb or beef mince', 'olive oil', 'onion', 'garlic', 'frozen mixed vegetables', 'flour', 'beef stock/broth', 'water', 'salt', 'dried thyme', 'dried oregano', 'Black pepper', 'large potatoes', 'milk', 'butter', 'Salt to taste']"
Lemon Pepper Pork,"['pork cutlets', 'lemon pepper', 'olive oil', 'zucchinis', 'small red capsicum', 'small red onion', 'small lemon', 'mint leaves', 'couscous', 'boiling water', 'feta cheese', 'Salt and pepper', 'Lemon wedges or cheeks']"
Bacon French Toast,"['fresh soft sandwich bread', 'of streaky bacon', 'butter', 'egg', 'milk', 'of salt', 'Nachos Cheese Dip']"
Homemade Reese’s Peanut Butter Cups,"['smooth peanut butter', 'unsalted butter', 'brown sugar', 'icing sugar (powdered sugar) (see notes)', 'chocolate (for melting, not eating chocolate)']"
Chicken with Creamy Marsala Sauce,[]
Balsamic Glazed Beetroot,"['can', 'balsamic vinegar', 'brown sugar', 'thyme leaves']"
Slow Cooker Beef and Broccoli,[]
Quick Chicken Pot Pie,[]
Broccoli Fritters,"['broccoli florets and stem', 'oil', 'garlic clove', 'plain flour', 'grated parmesan', 'egg', 'milk', 'salt', 'Black pepper', 'plain yoghurt', 'lemon juice', 'Salt and pepper']"
Sticky Chicken With Vegetable Fried Rice,[]
Freezer Friendly Mexican Meals,[]
Pulled Pork Carnitas Quesadillas,"['shredded Pork Carnitas', 'shredded mozzarella cheese', 'tortillas', 'corn kernels', 'diced red capsicum', 'olive oil', 'Salt and pepper', 'Fresh parsley or coriander', 'butter', 'brown onions', 'brown sugar', 'balsamic vinegar', 'salt', 'Black pepper']"
Mexican Lasagna Enchilada Stack,"['tortillas', 'shredded Pork Carnitas', 'corn', 'black beans', 'small red capsicum', 'enchilada sauce', 'grated mozzarella cheese', 'Fresh parsley or coriander']"
"No Washing Up Ham, Egg &...","['bread rolls', 'small slices of ham', 'eggs', 'shredded mozzarella cheese', 'fresh parsley']"
Cinnamon Sugar Bread Crust Treats,"['bread crusts', 'butter', 'sugar', 'cinnamon']"
Mexican Pizzas,"['large flatbreads', 'enchilada sauce', 'shredded cooked Pork Carnitas', 'oil', 'corn kernels', 'red capsicum', 'shallots / scallions', 'grated mozzarella cheese', 'fresh parsley or coriander/cilantro']"
How To Make 5 Freezer Friendly...,[]
Mexican Pork Rolls,"['shredded Pork Carnitas', 'Enchilada Sauce', 'butter', 'brown onions', 'brown sugar', 'balsamic vinegar', 'salt', 'Black pepper', 'grated mozzarella cheese', 'soft white bread rolls', 'Fresh parsley']"
Cheese and Bacon Muffin Tin Hash...,[]
Greek Lamb and Salad Dinner,[]
"Creamy Bacon, Chicken and Broccoli Strata...",[]
20 Asian Meals On The Table...,[]
Caesar Salad Wonton Cups,"['wonton wrappers', 'cos/romaine lettuce', 'cooked chicken', 'bacon rashers', 'bread', 'parmesan cheese', 'fresh parsley', 'Salt', 'Olive oil spray', 'garlic clove', 'anchovy fillets', 'fresh lemon juice', 'Dijon mustard', 'Worcestershire sauce', 'mayonnaise', 'freshly grated parmesan cheese', 'Milk', 'salt', 'Black pepper']"
Parmesan Thyme Bread Crust Snacks,"['bread crusts', 'olive oil', 'parmesan cheese', 'dried thyme', 'salt', 'Black pepper', 'Optional - fresh thyme to garnish']"
Giant Pancakes,"['plain flour *', 'baking powder *', 'sugar', 'salt', 'vanilla essence', 'egg', 'milk', 'butter', 'Sliced strawberries', 'Golden syrup', 'Icing sugar']"
Zucchini Tian (Naturally Healthy),[]
"Beef Cheek Ragu Pasta (1 Recipe,...",[]
Beef and Mushroom Pie (3 in...,[]
3 in 1: Slow Cooked Beef...,[]
Hummus with Lamb,[]
Middle Eastern Lamb and Lentil Rice...,[]
20 Essential Salad Dressings,[]
Chicken and Spinach Strata (Bread Bake),[]
Quiche Toast Cups,"['rasher of bacon', 'onion', 'oil', 'white sandwich bread', 'regular size eggs', 'milk', 'cheese', 'parsley', 'Salt and pepper', 'Oil spray']"
Vietnamese Pork Chop,[]
Slow Cooker Marinara Sauce,"['cans', 'tomato paste', 'medium brown onion', 'garlic cloves', 'bay leaves', 'brown sugar', 'dried basil', 'dried oregano', 'olive oil', 'balsamic vinegar', 'salt', 'black pepper']"
Baked Pumpkin Arancini Balls,[]
Jam Jelly Doughnut French Toast,"['white sandwich bread', 'strawberry jam', 'caster sugar', 'egg', 'milk', 'butter']"
Midweek Paella,"['olive oil', 'chicken thigh fillets', 'chorizo', 'small brown onion', 'small red capsicum / bell pepper', '(packed) shredded spinach (optional - see Note 1)', 'garlic cloves', 'crushed tomato', 'chicken stock/broth', 'frozen peas', 'paprika', 'spanish calasparra rice', 'parsley', 'Salt and pepper']"
"Pea, Cabbage, Parmesan and Mint Salad",[]
Baked Mexican Spring Rolls (Egg Rolls),"['spring roll wrappers or 16 egg roll wrappers', 'Olive oil spray', 'Enchilada sauce - for dipping', 'packed cup leftover pulled pork', 'grated cheese', 'corn kernels', 'black beans', 'red bell peppers', 'coriander leaves', 'paprika', 'cumin', 'onion powder', 'salt']"
Pork Carnitas Series,[]
Feta Marinated with Herbs and Chilli,[]
Giant Hash Brown,"['potatoes', 'salt', 'Black pepper', 'extra virgin olive oil']"
Quick Taco Soup with Pulled Pork,[]
Cinnamon Roasted Pumpkin,"['Jap Pumpkin', 'olive oil', 'cinnamon', 'salt', 'Black pepper', 'plain greek yoghurt', 'lemon', 'pine nuts', 'coriander leaves', 'birds eye chilli']"
Grilled Vietnamese Chicken Wings,[]
Packet Ramen Makeover,"['packet instant ramen', 'Chinese cabbage', 'carrot', 'mushrooms', 'bean sprouts', 'shallot/scallion', 'garlic clove', 'peanut oil', 'corn flour / cornstarch', 'soy sauce', 'chinese cooking wine', 'sugar', 'Dash of sesame oil', 'water']"
Momofuku Marinated Beef Skirt Steak Ssam,"['skirt / flank / hanger steak', 'apple juice', 'light soy sauce', 'garlic cloves', 'brown onion', 'sesame oil', 'freshly ground black pepper', 'shallots/scallions', 'fresh ginger', 'grape seed oil', 'light soy sauce', 'sherry vinegar', 'salt', 'ssamjang', 'kochujang', 'sherry vinegar', 'grape seed oil', 'small heads of Bib Lettuce']"
Trio of Bruschetta Spread,[]
Trio of Bruschetta: Lemon Cannellini Bean...,[]
Trio of Bruschetta: Celery and Lime...,[]
S’mores French Toast,"['white sandwich bread', 'butter', 'egg', 'milk', 'marshmallows', 'Nutella', 'Marshmallows', 'Chocolate sauce']"
Pulled Pork Enchiladas (Pork Carnitas),[]
Teriyaki Chicken (With Homemade Teriyaki Sauce),[]
Homemade Teriyaki Sauce,"['soy sauce', 'mirin', 'Japanese cooking wine', 'water']"
Mexican Fried Rice,"['olive oil', 'large garlic clove', 'onion', 'red bell pepper / capsicum', 'tinned black beans', 'tinned corn kernels', 'cooked rice', 'Optional: 1 1/2 cups protein', 'enchilada sauce', 'water', 'cumin', 'chilli powder', 'paprika', 'salt', 'Black pepper']"
Japanese Salmon with Mirin and Soy...,[]
Cinnamon French Toast Sticks,"['thick slices white bread, preferably stale', 'eggs', 'milk', 'Salt', 'white sugar', 'cinnamon powder', 'butter', 'Maple syrup to serve']"
Fattoush With Crunchy Flatbread Ribbons,"['tomatoes', 'cucumbers', 'red onion', 'lemon juice', 'mint leaves', 'coriander leaves', 'lebanese flatbreads', 'olive oil', 'Salt and pepper', 'lemon juice', 'extra virgin olive oil', 'salt', 'garlic clove', 'paprika', 'sumac']"
Garlic White Bean Mash In A...,[]
Healthy Creamy Broccoli Soup,[]
Roasted Broccoli with Parmesan Pangritata (Toasted...,[]
"10 Great Stir Fry Recipes, One...",[]
Foolproof Poached Chicken Chinese Noodle Soup,[]
Apple Cinnamon French Toast,[]
Mapo Tofu (Mince & Tofu in...,[]
Twice Baked Make Ahead Cheese Souffle,"['unsalted butter', 'finely chopped leeks or scallions/shallots', 'plain all purpose flour (unsifted)', 'milk', 'grated good melting cheese', 'eggs', 'of salt and pepper', 'cream', 'grated cheese', 'of salt and pepper']"
Chinese Stir Fry Noodles – Build...,[]
Real Chinese All Purpose Stir Fry...,[]
8 Quick and Easy Pasta Recipes,[]
Middle Eastern Roasted Vegetables with Tahini...,"['red onion', 'carrot', 'zucchini', 'pumpkin', 'large cauliflower florets', 'beetroot', 'olive oil', 'salt', 'Black pepper', 'tahini', 'lemon juice', 'small garlic clove', 'salt', 'Black pepper', 'Water', ""za'atar spice mix"", 'pine nuts', 'coriander']"
12 Easy Essential Marinades,[]
Chinese Scallion Pancakes (shallots/green onion),[]
Chickpea Rice Pilaf,"['uncooked basmati rice', 'water', 'salt', 'chickpeas', 'salt', 'cumin', 'garam masala', 'olive oil', 'parsley leaves', 'cilantro', 'sultanas or currents', 'Black pepper', 'fried shallots']"
Real Vegetarian Chow Mein,[]
Cinnamon Sugar Tortilla Crisps,"[' tortillas', 'butter', 'cinnamon', 'sugar']"
Dan Dan Noodle Soup (Vegetarian),"['dried rice stick noodles', 'vegetable or chicken stock (broth)', 'water', 'large garlic cloves', 'minced ginger', 'sugar', 'soy sauce', 'cornflour / corn starch', 'sesame paste or tahini', 'black vinegar', 'chilli bean sauce', 'sesame oil', 'medium carrots', 'bok choy', 'broccoli florets', 'bean sprouts', 'scallion / shallot']"
Mexican Couscous Express,"['salt', 'cumin powder', 'onion powder', 'couscous', 'boiling water', 'tomato paste', 'diced jalapeño', 'scallions', 'black beans', 'corn kernels', 'coriander / cilantro', 'tomato', 'avocado', 'Sour cream', 'Grated cheese']"